ho_va_ten,tuoi,gioi_tinh,chieu_cao_cm,can_nang_kg,calo_nap,calo_tieu_hao,thoi_gian_ngu
Chu Văn Kiên,33,01,159,66,1950,1600,9
Cao Thị Cúc,46,02,177,61,1500,2050,5
Mai Văn Sơn,39,01,158,62,2100,1700,6
Trịnh Thị Nga,19,02,155,49,2100,2350,7
Nguyễn Thị Thủy,22,02,178,83,2050,1600,8
Lý Thị Sen,20,02,159,74,2050,2250,6
Nguyễn Hải Đăng,18,02,186,66,1600,2450,7
Châu Thị Bích,20,01,177,67,1600,1950,7
Trần Thị Mai,31,02,171,75,1550,2100,6
Lâm Thị Xuân,37,01,159,70,2250,2400,8
Dương Thị Tuyết,45,01,172,67,1800,1850,9
Nguyễn Hải Đăng,27,01,160,69,2200,1800,8
Bành Văn Hào,19,01,178,49,2100,2300,8
Tạ Quang Minh,47,02,182,88,1500,2100,7
Đào Thị Hạnh,40,02,157,56,1600,2450,8
Lương Thị Ngọc,41,02,170,64,2350,1500,7
Lương Thị Ngọc,46,02,155,68,1800,2450,9
Lâm Thị Xuân,38,02,182,85,2000,1500,8
Võ Hoàng Nam,45,01,151,81,1500,2100,6
Lê Văn Đạt,18,02,173,89,2350,1950,8
Dương Thanh Thảo,37,01,187,65,2000,1900,8
Võ Thị Hường,44,01,169,64,1550,1900,8
Lê Khánh Ly,40,02,175,85,1800,2400,9
Lê Khánh Ly,35,01,158,81,1800,2450,6
Vương Thị Kim,28,02,169,78,1700,2250,7
Đào Thị Hạnh,45,02,156,63,2000,1750,9
Phùng Văn Đức,29,01,172,64,1550,2350,5
Hà Thị Lệ,19,01,183,69,1800,2450,5
Vũ Đình Khôi,43,01,150,80,1950,1650,8
Hồ Thị Diễm,43,02,189,70,2100,2050,9
Vũ Thị Mỹ Linh,46,02,176,61,2400,2100,6
Lê Khánh Ly,43,02,151,78,2050,1700,9
Lê Văn Đạt,32,01,189,47,2400,2100,8
Nguyễn Thành Long,27,01,154,65,2450,1650,8
Trần Bảo Linh,40,02,157,66,1700,2150,7
Tạ Quang Minh,41,01,177,46,1750,1600,5
Phùng Văn Đức,45,01,163,89,2000,1850,5
Chu Văn Kiên,30,01,177,57,1500,2450,6
Trịnh Thị Nga,22,01,178,80,1500,2100,8
Lý Thị Sen,21,01,156,79,2450,1700,7
Nguyễn Hải Đăng,20,01,170,74,2250,1700,6
Vũ Thị Mỹ Linh,42,02,173,67,2200,2400,7
Lưu Văn Nam,37,02,180,87,1950,1700,9
Lê Khánh Ly,45,01,174,67,2000,2250,7
Hoàng Thị Vân,28,01,152,61,2450,2250,5
Lâm Thị Xuân,45,02,163,75,2200,2400,8
Tạ Quang Minh,38,02,168,66,1500,1850,8
Đào Thị Hạnh,38,02,181,59,2150,2100,6
Đinh Thị Lan,41,02,175,59,1800,1800,6
Nguyễn Hải Đăng,21,01,176,49,2350,1750,6
Hồ Quang Vinh,34,02,182,65,2300,1650,9
Vương Thị Kim,31,01,176,63,1750,1950,6
Phùng Văn Đức,26,02,154,83,2000,1750,5
Phạm Quang Huy,36,01,151,47,2400,2250,7
Trần Thị Mai,44,01,174,78,1900,2150,7
Tạ Quang Minh,28,02,173,86,1500,2300,9
Phạm Thu Hà,37,01,159,70,1550,2200,6
Chu Văn Kiên,27,01,171,47,1900,1650,6
Hồ Quang Vinh,32,02,185,53,1600,1800,8
Mai Văn Sơn,25,02,160,74,2200,1900,5
Hà Thị Lệ,43,02,175,82,1950,1950,5
Phùng Văn Đức,31,02,174,68,1650,1800,9
Trần Thị Mai,44,01,185,60,2350,1550,7
Phan Thị Liên,44,01,163,53,1500,1650,7
Cao Thị Cúc,20,02,161,78,2250,1500,7
Dương Thị Tuyết,32,01,154,79,2100,1900,8
Phan Văn Cường,39,02,179,83,1800,2200,9
Hồ Quang Vinh,22,01,186,64,2150,2200,7
Lê Anh Tuấn,43,02,151,62,2300,1750,6
Trần Bảo Linh,26,01,169,47,1950,2150,9
Đỗ Mạnh Hùng,21,02,157,57,2400,2100,7
Châu Thị Bích,38,02,151,66,2450,2300,7
Lê Anh Tuấn,43,01,181,77,1850,1950,7
Hà Thị Lệ,31,01,172,81,1750,1650,5
Phạm Thu Hà,36,01,151,66,1950,1900,5
Đặng Quốc Bảo,19,02,164,77,2200,2050,8
Lâm Thị Xuân,37,01,161,59,2150,2350,7
Vũ Đình Khôi,24,02,169,77,1700,2400,6
Phan Thị Liên,45,01,188,73,1750,1600,6
Nguyễn Trung Hiếu,27,01,164,89,2250,2300,9
Lâm Thị Xuân,44,01,173,64,2100,1700,5
Nguyễn Đức Anh,29,02,178,73,1700,1800,9
Nguyễn Hải Đăng,44,02,161,71,1750,2300,6
Hoàng Minh Tuấn,47,02,175,60,2350,1600,7
Đinh Thị Lan,34,01,161,89,1750,1800,6
Phạm Quang Huy,37,01,150,65,1750,1500,5
Dương Thanh Thảo,25,02,177,53,2350,1950,7
Lưu Văn Nam,19,02,173,81,2400,1850,7
Phùng Văn Đức,46,02,187,87,2400,2050,7
Phùng Văn Đức,29,01,176,85,1650,1550,9
Hồ Thị Diễm,22,02,151,86,1600,2100,8
Dương Thanh Thảo,30,02,153,60,2400,1950,5
Vũ Tài Sang,40,02,150,64,2050,2250,9
Vương Thị Kim,18,01,167,51,2400,1900,9
Hoàng Thị Vân,20,02,155,58,1750,2450,7
Lê Văn Đạt,36,01,177,84,1500,1600,7
Trịnh Thị Nga,38,01,178,84,2400,2450,6
Nguyễn Đức Anh,30,01,174,77,1950,1900,8
Trần Bảo Linh,47,02,172,80,2200,2000,6
Vũ Tài Sang,42,02,179,80,1850,2450,8
Đinh Thị Lan,42,01,169,62,2300,1550,5
Lương Thị Ngọc,41,01,175,65,1700,1800,8
Châu Thị Bích,39,01,156,66,1800,1700,6
Chu Văn Kiên,28,02,178,66,1850,2350,5
Vũ Đình Khôi,45,02,178,54,1500,1500,7
Cao Thị Cúc,39,01,157,73,2150,2450,7
Chu Văn Kiên,35,01,158,71,2050,1950,9
Phùng Văn Đức,32,01,182,67,2050,2300,8
Cao Thị Cúc,33,02,160,56,2450,1550,9
Vũ Thị Mỹ Linh,21,02,171,74,2050,1700,7
Hà Thị Lệ,18,01,156,85,2300,2300,7
Lý Văn Phúc,45,02,181,50,2200,2250,8
Lê Anh Tuấn,29,01,184,45,2250,1900,5
Tạ Quang Minh,20,01,166,45,1750,2150,8
Trần Ngọc Ánh,44,02,181,75,1650,1700,8
Võ Thị Hường,47,02,165,47,1700,1800,5
Triệu Thị Hằng,39,01,179,59,2150,1950,6
Hoàng Thị Vân,20,02,167,65,2100,1600,9
Trần Ngọc Ánh,20,01,182,63,2050,1600,5
Võ Thị Hường,28,01,163,56,2350,2000,8
Hoàng Thị Vân,34,01,186,45,1850,1700,9
Vũ Thị Mỹ Linh,32,02,157,56,1800,2000,9
Lương Thị Ngọc,19,02,180,49,2300,2450,7
Trịnh Thị Nga,28,01,177,60,2300,2350,9
Đinh Thị Lan,33,02,176,71,1650,1750,5
Triệu Thị Hằng,38,01,187,67,2100,2400,6
Lê Phương Thảo,36,01,183,87,1600,1550,5
Nguyễn Thành Long,41,01,157,54,2300,1800,9
Vương Thị Kim,33,02,155,60,2000,2450,9
Hồ Thị Diễm,27,02,180,81,1600,1700,9
Nguyễn Trung Hiếu,45,02,170,58,1900,2050,7
Đặng Quốc Bảo,38,01,162,56,2300,2450,6
Hồ Thị Diễm,38,01,187,60,1950,1850,5
Phạm Quang Huy,35,02,178,49,2450,1700,6
Lý Văn Phúc,23,01,172,69,2450,2050,6
Triệu Thị Hằng,21,01,162,64,2400,2300,8
Ngô Xuân Trường,28,01,162,85,2000,1950,8
Lê Phương Thảo,46,02,174,88,1750,1850,5
Lê Anh Tuấn,33,01,177,86,1500,1800,5
Vũ Đình Khôi,21,02,166,85,2300,2250,8
Phùng Văn Đức,37,02,157,55,2250,1550,7
Chu Văn Kiên,26,02,182,60,2200,1600,7
Vũ Tài Sang,46,01,185,68,2350,1850,9
Nguyễn Hải Đăng,19,02,173,65,2000,2150,5
Đặng Quốc Bảo,27,01,167,47,2300,1700,7
Đỗ Mạnh Hùng,44,01,151,62,2250,2000,8
Hồ Thị Diễm,40,01,154,51,1550,1700,7
Lưu Văn Nam,34,01,175,61,2000,2350,5
Võ Hoàng Nam,25,01,153,52,1500,2400,9
Tạ Quang Minh,34,01,160,81,2250,1800,6
Lưu Văn Nam,26,02,154,62,2300,1600,6
Nguyễn Trung Hiếu,26,01,177,63,1700,1900,8
Đặng Quốc Bảo,26,01,159,47,1700,2100,6
Dương Thị Tuyết,42,02,174,86,2100,1750,9
Nguyễn Đức Anh,33,02,163,65,1550,1500,8
Hoàng Minh Tuấn,43,02,170,52,1800,2050,6
Triệu Thị Hằng,25,02,174,46,2400,2150,6
Võ Hoàng Nam,34,02,181,60,2450,2250,6
Phạm Quang Huy,25,01,168,51,2150,2150,7
Nguyễn Thị Thủy,32,02,178,73,1950,1800,5
Hà Thị Lệ,37,01,159,46,2250,1850,5
Đỗ Mạnh Hùng,43,02,173,58,1550,1500,5
Võ Thị Hường,22,02,189,63,2250,2200,5
Cao Thị Cúc,37,01,186,52,1950,2350,7
Trần Thị Mai,27,01,168,79,1900,2000,8
Hà Thị Lệ,38,01,186,78,2150,2150,6
Hoàng Thị Vân,44,01,176,78,1750,1800,8
Võ Hoàng Nam,28,01,150,64,2450,1950,7
Phùng Văn Đức,30,01,176,79,1750,2050,6
Vũ Đình Khôi,40,01,175,84,2300,1650,5
Lê Phương Thảo,47,02,150,69,1950,1650,8
Lâm Thị Xuân,45,02,183,65,2400,2100,8
Chu Văn Kiên,21,01,177,88,2100,2450,7
Hồ Thị Diễm,33,01,155,57,2200,1900,5
Hồ Thị Diễm,22,01,178,54,1800,1900,6
Dương Thị Tuyết,27,01,150,68,1650,2150,6
Lê Anh Tuấn,19,02,162,54,1950,1550,5
Châu Thị Bích,24,02,178,89,1950,1950,7
Bành Văn Hào,38,02,189,77,1700,2150,6
Đặng Quốc Bảo,32,02,186,80,2300,1900,6
Hồ Quang Vinh,45,01,155,56,2250,2150,7
Bành Văn Hào,45,02,164,50,2100,2000,8
Trần Thị Mai,35,02,170,56,1600,1900,5
Vũ Đình Khôi,20,01,177,65,2100,1600,6
Tạ Quang Minh,46,02,168,85,1500,2100,9
Trần Thị Mai,32,02,156,83,1600,1900,7
Vũ Tài Sang,37,02,164,73,2000,2200,5
Đào Thị Hạnh,24,01,175,77,2100,1850,6
Trần Thị Mai,28,02,164,73,1600,1650,9
Phạm Quang Huy,29,01,171,58,2150,2400,7
Trần Ngọc Ánh,18,01,189,84,2400,1600,6
Phạm Quang Huy,23,01,154,61,2350,2100,7
Đặng Quốc Bảo,38,01,182,52,1600,2250,9
Ngô Xuân Trường,28,02,179,51,1550,1950,8
Võ Hoàng Nam,38,01,173,81,1600,2350,9
Phạm Thu Hà,47,02,187,66,1550,1900,5
Châu Thị Bích,32,01,170,67,2400,1500,5
Võ Hoàng Nam,47,02,185,75,2200,1500,5
Đỗ Mạnh Hùng,31,02,171,53,1500,2150,6
Trần Ngọc Ánh,43,02,189,56,1900,2400,7
Lê Khánh Ly,45,02,162,59,1750,2200,8
Hà Thị Lệ,29,02,171,63,1700,2150,5
Hoàng Thị Vân,22,01,150,89,2250,2350,6
Hồ Quang Vinh,28,02,172,86,1850,2350,9
Vũ Thị Mỹ Linh,35,02,186,57,2300,1950,8
Đinh Thị Lan,39,02,160,57,2450,2150,8
Triệu Thị Hằng,39,01,177,66,2000,1850,8
Lý Thị Sen,28,02,154,72,2150,1700,6
Hoàng Minh Tuấn,46,01,171,72,2450,2200,8
Bành Văn Hào,39,02,172,67,2400,2200,8
Tạ Quang Minh,20,01,176,49,2200,1800,5
Võ Hoàng Nam,27,02,164,62,2150,2150,6
Hoàng Thị Vân,32,01,159,78,1500,1950,5
Nguyễn Thành Long,46,02,159,86,1750,1850,5
Trần Thị Mai,46,01,186,58,2000,1900,7
Lý Thị Sen,23,02,164,67,2050,2450,8
Bành Văn Hào,45,02,183,84,1900,2400,8
Trịnh Thị Nga,31,01,180,70,2200,2400,6
Vũ Tài Sang,31,01,155,78,1550,2150,5
Vũ Đình Khôi,34,02,169,71,1750,2100,6
Vũ Đình Khôi,43,01,158,74,2100,1900,8
Đào Thị Hạnh,46,01,151,75,1600,2300,8
Cao Thị Cúc,28,02,165,60,2250,1650,7
Hồ Thị Diễm,21,01,165,84,1600,1650,6
Vũ Tài Sang,18,01,183,64,1650,2050,6
Phan Văn Cường,37,01,172,54,1950,2450,6
Nguyễn Hải Đăng,23,02,187,57,1900,1550,6
Hồ Quang Vinh,29,02,160,78,1700,2150,5
Hoàng Thị Vân,47,01,182,76,1500,2450,9
Trần Thị Mai,36,01,150,55,1600,1950,7
Bành Văn Hào,25,02,166,85,1900,2150,8
Phan Văn Cường,37,01,153,68,2400,2400,5
Hồ Quang Vinh,43,02,168,78,1900,2050,5
Vũ Thị Mỹ Linh,28,01,152,48,2250,2050,8
Cao Thị Cúc,42,01,172,53,1550,1800,6
Phan Thị Liên,29,02,173,80,2050,1550,6
Bùi Thị Hồng,42,02,184,56,2150,1700,9
Phan Văn Cường,29,02,162,61,1700,1900,5
Phạm Thu Hà,47,02,187,64,1550,1500,6
Nguyễn Trung Hiếu,38,02,171,52,1550,2050,6
Hồ Quang Vinh,40,01,187,80,2100,2300,5
Nguyễn Đức Anh,21,02,175,64,1600,2150,5
Mai Văn Sơn,34,01,185,53,2350,1900,6
Đỗ Mạnh Hùng,40,02,175,69,2100,1950,8
Kiều Văn Tấn,34,02,174,73,1500,2150,9
Đào Thị Hạnh,20,02,179,75,2100,1650,9
Đinh Thị Lan,44,01,160,49,1900,2400,9
Đỗ Mạnh Hùng,24,02,187,69,2100,2100,7
Lâm Thị Xuân,19,02,183,77,1700,2450,5
Hồ Thị Diễm,39,02,159,46,2350,2300,8
Trần Bảo Linh,23,02,155,60,2400,2300,9
Trịnh Thị Nga,37,02,185,73,1550,2250,7
Chu Văn Kiên,44,01,173,83,2300,2200,6
Lương Thị Ngọc,34,01,178,59,2350,2350,5
Lê Phương Thảo,44,02,161,84,2250,2450,7
Lê Khánh Ly,36,02,186,85,1950,1900,5
Đinh Thị Lan,23,01,160,48,1600,1550,6
Nguyễn Hải Đăng,46,02,162,58,2450,2050,5
Bùi Thị Hồng,42,01,155,56,1950,1500,5
Phạm Quang Huy,26,02,157,49,1500,2300,8
Hồ Quang Vinh,29,02,175,66,1900,2250,6
Phùng Văn Đức,29,02,179,66,2000,1600,5
Ngô Xuân Trường,31,02,164,47,1650,1750,7
Dương Thị Tuyết,21,01,151,51,2150,2250,7
Hoàng Thị Vân,28,02,157,58,2300,2200,9
Võ Thị Hường,47,02,158,67,2300,1800,5
Dương Thị Tuyết,43,01,166,47,2400,2300,9
Lâm Thị Xuân,38,02,189,68,2350,1550,6
Trần Bảo Linh,20,01,173,58,1900,2100,8
Đinh Thị Lan,19,02,166,60,2350,2400,8
Kiều Văn Tấn,34,02,187,62,1700,1800,7
Nguyễn Thành Long,39,02,175,88,2000,1800,5
Chu Văn Kiên,29,01,180,80,2350,2150,8
Hà Thị Lệ,46,02,167,46,2350,2100,8
Nguyễn Thành Long,42,01,189,48,2400,2450,8
Phạm Thu Hà,21,02,176,54,2300,2250,8
Phan Văn Cường,42,02,188,68,1950,2300,8
Trần Ngọc Ánh,29,01,164,64,1600,2450,8
Triệu Thị Hằng,25,02,154,51,2400,2300,8
Bành Văn Hào,44,01,165,81,1800,2350,6
Lương Thị Ngọc,40,01,153,87,1650,1900,7
Dương Thanh Thảo,27,02,180,68,2400,2200,5
Nguyễn Trung Hiếu,46,01,172,52,2100,2400,9
Phùng Văn Đức,46,02,177,71,1950,1700,5
Dương Thanh Thảo,47,02,184,59,1500,1700,7
Lý Thị Sen,28,01,174,69,2200,1850,9
Nguyễn Thành Long,42,02,163,88,2200,1750,6
Phan Thị Liên,24,01,183,53,2450,1900,9
Trần Bảo Linh,45,02,183,51,2450,2350,9
Châu Thị Bích,41,01,151,58,2350,1950,5
Đào Thị Hạnh,44,02,150,68,1700,1650,7
Lý Thị Sen,32,01,159,81,2350,1850,6
Nguyễn Hải Đăng,26,02,165,63,1600,2250,7
Bùi Thị Hồng,47,01,169,88,2350,2050,5
Vũ Thị Mỹ Linh,38,02,150,84,2100,2200,8
Nguyễn Thành Long,25,02,181,82,1550,2000,5
Lý Văn Phúc,38,02,158,45,2150,2300,6
Trần Bảo Linh,40,02,170,83,1700,1950,5
Lê Văn Đạt,31,01,154,87,2100,1950,8
Cao Thị Cúc,40,02,159,53,2000,2000,6
Võ Thị Hường,47,02,160,81,1500,2300,5
Lê Anh Tuấn,30,02,165,87,2300,2200,5
Vũ Tài Sang,43,01,169,80,2200,2150,5
Bùi Thị Hồng,23,01,186,66,1650,2000,8
Hà Thị Lệ,30,01,162,51,1650,2150,6
Phạm Thu Hà,34,01,169,53,1800,1650,9
Kiều Văn Tấn,41,02,156,89,2250,1800,5
Lê Anh Tuấn,22,02,178,89,2400,1750,7
Nguyễn Trung Hiếu,35,01,162,63,2200,1800,9
Hồ Thị Diễm,25,01,165,53,1950,1600,8
Phan Thị Liên,25,01,171,79,2200,1600,9
Trần Ngọc Ánh,20,02,160,68,1550,2150,9
Lê Khánh Ly,28,01,172,74,2350,2300,9
Lâm Thị Xuân,42,01,162,52,2350,1650,7
Đinh Thị Lan,28,01,162,83,1850,2050,5
Nguyễn Đức Anh,43,01,154,82,2050,2350,8
Lê Anh Tuấn,37,01,187,54,1500,2250,5
Phạm Quang Huy,21,02,182,50,2400,1800,6
Hoàng Thị Vân,33,02,189,81,2450,1800,8
Trịnh Thị Nga,29,02,181,83,1700,2350,7
Võ Hoàng Nam,18,01,187,66,1800,1700,5
Võ Thị Hường,27,01,163,53,2150,1800,5
Ngô Xuân Trường,33,02,164,67,2000,1800,7
Mai Văn Sơn,34,01,150,71,2250,2000,9
Lương Thị Ngọc,33,01,184,73,1650,1650,7
Hồ Thị Diễm,30,01,152,78,2250,1650,7
Vũ Tài Sang,27,02,155,49,1800,1850,9
Lý Thị Sen,19,01,166,47,2300,1800,7
Đỗ Mạnh Hùng,31,01,170,84,2350,1700,7
Lâm Thị Xuân,39,01,186,47,2400,1850,9
Đỗ Mạnh Hùng,32,01,183,79,2200,2450,7
Lưu Văn Nam,18,02,171,50,1650,1850,5
Nguyễn Đức Anh,22,01,169,78,2300,2350,8
Võ Hoàng Nam,42,01,158,52,2000,1950,5
Lê Khánh Ly,34,01,158,67,2400,2450,5
Lâm Thị Xuân,23,01,161,70,2000,2200,6
Nguyễn Thị Thủy,45,01,188,65,2000,1550,6
Đinh Thị Lan,28,01,163,50,2100,1950,7
Phạm Quang Huy,19,02,171,45,2450,1550,8
Lê Văn Đạt,32,02,184,84,2200,2200,6
Bùi Thị Hồng,21,02,189,82,2150,2250,8
Vũ Tài Sang,27,01,151,58,2000,2000,6
Lương Thị Ngọc,38,02,186,70,1500,2400,5
Lâm Thị Xuân,37,01,159,87,2050,2150,7
Dương Thị Tuyết,32,01,159,52,1700,2200,5
Vũ Tài Sang,39,02,156,49,2450,1750,7
Triệu Thị Hằng,33,02,185,56,1900,2350,9
Nguyễn Thị Thủy,39,02,159,87,1700,1650,9
Lê Văn Đạt,43,01,151,89,1550,1900,8
Vũ Đình Khôi,39,02,188,46,2150,1800,9
Bành Văn Hào,43,02,164,62,2400,2450,8
Kiều Văn Tấn,45,02,186,61,1900,2400,8
Lý Thị Sen,19,01,179,89,2250,2150,9
Tạ Quang Minh,34,01,163,85,2300,1600,8
Vương Thị Kim,43,02,179,68,1750,1550,9
Bành Văn Hào,32,01,185,57,1500,2350,7
Nguyễn Đức Anh,24,02,181,45,2350,1850,9
Bùi Thị Hồng,36,02,183,62,2300,2200,7
Lê Anh Tuấn,45,01,170,66,1750,1500,7
Bùi Thị Hồng,25,02,165,71,1500,2100,9
Đỗ Mạnh Hùng,32,01,155,47,2150,2450,6
Lưu Văn Nam,43,02,179,86,1550,1900,9
Vũ Thị Mỹ Linh,27,02,186,57,2000,1900,8
Kiều Văn Tấn,38,02,182,76,1950,2150,7
Nguyễn Thị Thủy,18,02,174,57,1550,1550,8
Lương Thị Ngọc,47,02,187,47,1600,1550,8
Bành Văn Hào,46,02,161,71,1800,1550,6
Trần Thị Mai,28,02,161,64,1950,2100,5
Võ Thị Hường,35,01,166,79,2300,1550,9
Võ Hoàng Nam,20,01,162,55,1650,2200,8
Bành Văn Hào,28,02,155,54,2300,1750,5
Lê Văn Đạt,26,02,165,54,2450,2000,5
Lê Anh Tuấn,41,02,153,53,2050,1600,7
Trần Thị Mai,18,02,156,76,2250,2250,7
Nguyễn Thành Long,19,01,155,82,1900,2150,7
Võ Hoàng Nam,46,02,188,68,1700,2450,7
Trần Bảo Linh,25,01,179,62,1750,1850,7
Phạm Quang Huy,38,02,150,65,1800,2250,7
Bành Văn Hào,29,02,175,82,1800,2000,6
Bùi Thị Hồng,37,02,153,87,1650,1650,7
Nguyễn Thị Thủy,20,02,189,55,2300,2000,8
Dương Thanh Thảo,19,01,163,52,2050,2000,5
Kiều Văn Tấn,39,01,169,81,2000,1600,7
Nguyễn Thị Thủy,23,02,151,61,1850,1650,8
Hoàng Thị Vân,29,01,171,78,2400,2000,9
Võ Hoàng Nam,39,01,173,52,1900,2450,9
Kiều Văn Tấn,47,02,182,88,2350,1850,5
Kiều Văn Tấn,26,01,176,47,1550,1700,8
Lê Khánh Ly,36,01,187,47,2100,1650,6
Phùng Văn Đức,30,01,152,89,2200,2200,9
Mai Văn Sơn,45,01,177,51,2150,2200,5
Phan Thị Liên,47,02,182,65,2350,2350,5
Phan Văn Cường,36,01,171,71,2100,1650,9
Lý Văn Phúc,21,02,169,59,2350,1500,8
Vũ Thị Mỹ Linh,21,01,175,67,2300,1600,5
Vũ Thị Mỹ Linh,19,01,173,79,1600,1500,5
Kiều Văn Tấn,27,01,167,81,2150,1900,5
Hà Thị Lệ,27,01,185,46,1650,2100,8
Trần Thị Mai,22,02,154,59,1550,2350,9
Châu Thị Bích,41,01,167,88,1650,2350,8
Lâm Thị Xuân,38,01,177,45,2450,1700,5
Đào Thị Hạnh,36,02,169,55,2250,1600,5
Hoàng Thị Vân,21,02,162,74,2150,1700,8
Vũ Thị Mỹ Linh,35,01,179,79,2050,2300,7
Trịnh Thị Nga,22,02,179,46,1800,2300,8
Bùi Thị Hồng,24,02,152,61,2300,2000,9
Dương Thị Tuyết,29,02,172,61,1700,1500,9
Dương Thanh Thảo,39,01,163,89,1800,2100,7
Đinh Thị Lan,38,01,154,78,1800,2000,6
Đào Thị Hạnh,23,02,161,52,2300,2300,9
Dương Thanh Thảo,21,01,158,53,1800,2050,5
Lâm Thị Xuân,36,02,189,75,1650,2450,5
Lương Thị Ngọc,43,02,166,86,2450,1750,8
Triệu Thị Hằng,33,01,187,55,1800,1600,6
Phan Thị Liên,24,02,163,70,2350,2250,7
Hoàng Thị Vân,25,01,157,57,2000,2050,9
Võ Hoàng Nam,31,01,154,82,1900,2200,8
Vũ Thị Mỹ Linh,33,02,153,84,1700,2000,9
Phạm Thu Hà,40,02,188,76,2350,2250,8
Phạm Quang Huy,47,01,184,45,2400,2000,7
Vũ Thị Mỹ Linh,29,02,157,86,1800,2100,5
Kiều Văn Tấn,41,01,184,80,1750,2300,7
Vũ Tài Sang,29,02,168,53,2150,2350,6
Phạm Thu Hà,22,01,163,49,2100,1950,8
Lương Thị Ngọc,18,01,164,62,1950,1700,5
Kiều Văn Tấn,30,02,187,61,1800,1600,9
Vũ Tài Sang,36,02,182,73,1750,2300,6
Lê Văn Đạt,42,02,165,70,1700,2250,6
Phan Văn Cường,43,02,157,51,2100,1800,8
Dương Thanh Thảo,38,02,155,74,2000,2200,5
Hà Thị Lệ,20,02,152,55,1650,1750,9
Trần Thị Mai,25,01,164,56,1850,1550,9
Lê Văn Đạt,46,01,164,85,1500,2000,9
Vũ Tài Sang,41,01,176,83,1950,1650,8
Võ Thị Hường,32,01,185,84,2250,2050,8
Nguyễn Hải Đăng,35,01,174,59,2150,2050,9
Kiều Văn Tấn,33,01,169,86,2250,2350,8
Đỗ Mạnh Hùng,28,01,155,58,2300,2050,9
Phùng Văn Đức,44,02,167,58,2400,1500,8
Trần Ngọc Ánh,18,02,180,80,1500,2100,5
Lý Thị Sen,19,02,163,60,2000,2450,9
Lâm Thị Xuân,34,02,171,61,1700,2450,6
Phan Văn Cường,28,02,155,72,2000,1950,8
Nguyễn Đức Anh,38,01,183,65,2100,1550,8
Đào Thị Hạnh,23,02,166,82,1650,2350,6
Châu Thị Bích,37,02,156,56,2250,2150,6
Nguyễn Thị Thủy,36,01,164,64,2450,2150,7
Phùng Văn Đức,40,01,188,77,2200,2300,8
Võ Hoàng Nam,27,02,169,62,2050,1550,8
Hoàng Thị Vân,40,01,185,60,1600,2100,6
Nguyễn Trung Hiếu,43,01,157,60,2050,2400,7
Vũ Đình Khôi,32,01,181,81,1850,2450,8
Nguyễn Trung Hiếu,34,02,153,66,2300,2400,5
Lê Khánh Ly,34,01,171,84,2200,1500,5
Phan Thị Liên,36,02,160,89,2100,1800,8
Đặng Quốc Bảo,36,01,170,59,1700,2450,6
Hoàng Minh Tuấn,29,02,166,86,2000,2150,8
Cao Thị Cúc,35,01,163,76,2100,1700,9
Đỗ Mạnh Hùng,31,01,178,55,1550,2100,5
Trần Ngọc Ánh,28,02,179,56,2200,1650,9
Lê Văn Đạt,23,01,160,62,1600,2150,7
Vũ Thị Mỹ Linh,25,01,172,81,2050,1850,9
Vũ Thị Mỹ Linh,33,02,180,86,2400,2350,8
Lý Thị Sen,22,02,184,86,1500,2000,8
Đỗ Mạnh Hùng,41,02,180,55,1900,2100,6
Võ Hoàng Nam,42,02,155,75,2400,1500,6
Tạ Quang Minh,41,02,176,51,1850,2450,8
Chu Văn Kiên,28,01,151,50,1950,1650,9
Lý Văn Phúc,31,02,175,64,2350,1650,8
Mai Văn Sơn,41,01,174,66,2050,1600,5
Vũ Đình Khôi,38,01,165,65,1650,2050,5
Phạm Quang Huy,37,01,158,59,1850,1600,9
Ngô Xuân Trường,19,01,172,70,1700,2400,9
Triệu Thị Hằng,32,02,180,70,1850,2400,5
Trần Ngọc Ánh,47,02,166,69,2450,1950,5
Phạm Quang Huy,47,01,160,63,1850,1600,9
Phan Thị Liên,19,02,153,89,1850,1700,6
Hoàng Minh Tuấn,31,02,183,65,2400,1600,9
Lưu Văn Nam,36,02,189,49,1700,2100,6
Võ Hoàng Nam,33,02,181,68,1750,1950,6
Lê Khánh Ly,47,02,171,74,1750,2450,7
Nguyễn Đức Anh,22,02,165,62,2300,2300,9
Trần Bảo Linh,44,02,168,74,2000,1900,6
Triệu Thị Hằng,47,02,153,74,2050,1950,7
Lê Văn Đạt,46,01,152,89,2350,1600,9
Vũ Thị Mỹ Linh,29,02,171,85,1850,2350,6
Dương Thị Tuyết,33,02,168,82,1650,2400,9
Nguyễn Đức Anh,37,01,172,53,2450,1850,9
Ngô Xuân Trường,45,02,150,80,1800,2250,5
Lâm Thị Xuân,47,01,155,75,2450,1650,5
Trần Ngọc Ánh,25,01,177,80,1650,2300,6
Triệu Thị Hằng,33,01,175,89,2350,2100,9
Chu Văn Kiên,44,01,183,70,1600,1600,5
Kiều Văn Tấn,42,01,156,76,2100,1900,9
Hồ Quang Vinh,28,01,186,72,1850,1600,8
Hồ Thị Diễm,43,01,159,73,1650,1750,7
Hoàng Thị Vân,36,01,158,54,1650,1500,5
Nguyễn Hải Đăng,47,02,150,84,2150,2400,6
Đặng Quốc Bảo,33,01,186,67,1850,1600,6
Hoàng Thị Vân,29,02,166,84,2200,2400,6
Bành Văn Hào,26,02,168,77,2350,2050,6
Phan Văn Cường,24,02,156,68,2400,1550,9
Phạm Thu Hà,24,01,180,82,2100,1950,9
Trần Bảo Linh,39,02,165,57,2050,2450,5
Ngô Xuân Trường,34,02,169,84,1750,2000,8
Bành Văn Hào,47,02,177,83,1650,1500,8
Dương Thị Tuyết,29,01,152,78,1850,1700,6
Nguyễn Trung Hiếu,38,02,170,71,1950,1950,8
Cao Thị Cúc,29,02,166,69,1650,2100,6
Ngô Xuân Trường,44,01,162,86,2050,2400,7
Châu Thị Bích,35,02,166,61,1750,2300,7
Hồ Quang Vinh,38,01,186,69,2450,1650,7
Nguyễn Trung Hiếu,23,02,183,75,2200,1650,7
Phạm Quang Huy,40,02,185,70,1750,2350,9
Nguyễn Đức Anh,18,01,159,50,1650,1950,8
Cao Thị Cúc,27,01,174,76,2050,1700,7
Vũ Tài Sang,20,02,171,64,2350,2400,5
Trịnh Thị Nga,35,01,184,66,1700,1600,6
Trịnh Thị Nga,42,01,165,53,1850,1600,9
Lâm Thị Xuân,22,02,189,47,2150,1750,6
Lương Thị Ngọc,46,01,186,81,1650,2000,7
Ngô Xuân Trường,30,02,169,72,1900,2450,8
Trần Ngọc Ánh,26,02,163,64,2400,1650,7
Triệu Thị Hằng,18,01,171,77,2350,1550,7
Trần Ngọc Ánh,20,02,182,70,1600,1600,8
Hà Thị Lệ,42,01,171,83,2350,1750,7
Tạ Quang Minh,40,02,174,68,2300,1900,8
Lý Văn Phúc,25,02,158,47,1900,2400,8
Vũ Tài Sang,42,02,188,86,2400,1750,8
Trần Bảo Linh,42,02,160,63,1900,1950,5
Lê Phương Thảo,32,02,158,62,1850,1550,7
Trịnh Thị Nga,23,02,151,71,2300,2250,6
Dương Thanh Thảo,44,02,153,81,2050,2150,8
Dương Thanh Thảo,45,01,180,70,1500,2400,6
Nguyễn Hải Đăng,25,01,185,55,1600,1950,9
Nguyễn Hải Đăng,47,02,155,80,2150,2150,5
Lưu Văn Nam,23,02,151,89,2100,2450,7
Nguyễn Trung Hiếu,23,02,156,71,2250,1900,8
Võ Thị Hường,25,01,177,86,2300,1700,6
Đặng Quốc Bảo,30,02,167,81,1500,1650,8
Dương Thanh Thảo,29,01,153,81,2100,2300,6
Lê Văn Đạt,29,01,182,58,1900,2000,8
Võ Thị Hường,34,01,160,45,2100,1500,6
Phan Thị Liên,22,02,168,49,2300,2200,6
Lương Thị Ngọc,46,02,160,55,1550,2200,6
Võ Hoàng Nam,39,01,181,50,1800,1500,7
Đinh Thị Lan,36,01,172,80,1600,1900,8
Phan Văn Cường,21,02,179,79,1950,2300,9
Kiều Văn Tấn,34,02,152,86,1850,1650,7
Hoàng Thị Vân,32,02,165,78,1850,1900,6
Trần Thị Mai,32,01,168,87,1900,2200,7
Vũ Tài Sang,21,02,176,48,2000,2050,5
Phùng Văn Đức,44,01,150,78,2100,2300,5
Bành Văn Hào,43,01,161,80,2350,2050,9
Bành Văn Hào,28,01,175,51,2050,2050,7
Nguyễn Trung Hiếu,18,01,187,81,2050,1950,5
Kiều Văn Tấn,32,01,169,52,2150,1600,9
Nguyễn Thị Thủy,29,01,160,51,1750,2250,7
Tạ Quang Minh,18,01,156,63,1650,2050,6
Mai Văn Sơn,37,02,167,69,2050,2000,7
Hà Thị Lệ,42,01,186,63,2250,2300,9
Dương Thanh Thảo,40,02,159,59,2100,2450,7
Lý Văn Phúc,41,01,157,81,2100,2300,8
Vương Thị Kim,42,01,185,87,1850,1550,9
Nguyễn Đức Anh,40,02,185,54,1800,2100,9
Vũ Đình Khôi,35,02,174,45,1900,1800,7
Hồ Thị Diễm,21,02,161,67,2200,2400,5
Đinh Thị Lan,34,01,158,74,1950,2100,9
Lương Thị Ngọc,40,01,172,71,1700,1550,9
Tạ Quang Minh,38,01,183,83,1950,2200,7
Bùi Thị Hồng,26,02,178,75,2150,1500,8
Nguyễn Hải Đăng,47,02,178,75,2150,1600,5
Ngô Xuân Trường,44,02,172,72,1500,2200,7
Lâm Thị Xuân,30,02,167,80,1650,2300,9
Dương Thanh Thảo,44,02,156,71,1650,1850,5
Lê Anh Tuấn,44,01,185,67,2150,1950,7
Trần Ngọc Ánh,30,02,163,64,1550,1800,8
Dương Thị Tuyết,36,02,187,70,2250,1500,9
Phạm Quang Huy,24,02,181,57,2450,1550,6
Võ Thị Hường,43,02,154,56,1550,1500,9
Triệu Thị Hằng,23,02,179,78,2150,2400,7
Lý Văn Phúc,40,01,181,62,1500,1800,6
Đào Thị Hạnh,34,02,185,85,2450,2400,7
Kiều Văn Tấn,46,01,186,82,1650,2250,5
Hồ Quang Vinh,40,01,150,45,1550,1750,7
Phạm Quang Huy,28,01,163,61,2200,2000,6
Trần Ngọc Ánh,40,02,188,88,2100,1700,9
Cao Thị Cúc,37,02,151,73,1600,2000,5
Trần Bảo Linh,35,02,153,82,2150,1850,8
Nguyễn Hải Đăng,43,01,176,66,1850,1900,5
Hồ Quang Vinh,34,02,163,68,1950,2350,9
Lưu Văn Nam,37,02,158,87,2350,1500,5
Tạ Quang Minh,32,02,150,64,2300,1850,6
Lâm Thị Xuân,35,02,187,87,1900,1550,5
Lê Phương Thảo,33,02,167,89,1900,2200,7
Lưu Văn Nam,40,02,155,76,2000,1900,9
Lê Văn Đạt,21,02,172,58,1900,1850,9
Lê Anh Tuấn,23,01,166,45,1700,1600,8
Lê Anh Tuấn,35,02,166,85,1700,1900,6
Trần Bảo Linh,29,01,158,73,1700,2350,8
Nguyễn Trung Hiếu,31,02,157,63,1800,1900,9
Đinh Thị Lan,30,02,142,62,2400,2400,5
Lê Anh Tuấn,21,02,132,66,1550,1550,7
Lý Thị Sen,38,02,151,94,1500,1550,9
Phan Thị Liên,42,01,133,97,1600,1500,6
Nguyễn Thị Thủy,27,02,151,62,1700,2200,6
Nguyễn Thành Long,32,02,148,61,1650,2200,8
Vũ Thị Mỹ Linh,38,01,148,100,2200,2200,5
Đỗ Mạnh Hùng,35,01,167,72,2100,2350,8
Lương Thị Ngọc,47,02,168,60,2300,1800,8
Trần Ngọc Ánh,23,02,130,67,2450,1900,6
Tạ Quang Minh,25,01,144,75,1650,1550,9
Mai Văn Sơn,23,02,167,80,1750,1950,9
Đào Thị Hạnh,23,01,153,99,2200,1850,8
Vương Thị Kim,44,01,154,104,2200,2100,5
Cao Thị Cúc,21,02,154,72,2450,2000,7
Vũ Thị Mỹ Linh,45,01,152,66,1950,1800,7
Vũ Đình Khôi,21,01,163,81,2450,1500,6
Đinh Thị Lan,33,01,159,88,2450,2100,8
Trịnh Thị Nga,24,01,142,85,1950,1800,9
Hồ Quang Vinh,26,01,167,75,2250,2150,6
Lê Khánh Ly,37,01,166,65,2050,2000,9
Võ Hoàng Nam,27,02,156,83,2400,1500,5
Hà Thị Lệ,37,01,152,67,1800,1600,5
Ngô Xuân Trường,45,02,166,94,1750,1550,8
Dương Thị Tuyết,32,02,169,87,2300,2150,6
Bành Văn Hào,43,01,166,70,2450,2100,6
Kiều Văn Tấn,18,02,145,97,2200,1650,5
Đinh Thị Lan,23,02,152,100,2100,2050,5
Nguyễn Hải Đăng,38,01,138,99,2250,2350,7
Triệu Thị Hằng,30,01,144,98,2300,2450,6
Lê Phương Thảo,41,02,162,90,2250,1700,7
Phan Văn Cường,33,02,164,72,1900,2000,8
Phan Thị Liên,22,02,130,101,2200,1850,5
Trần Bảo Linh,32,01,138,83,1850,2150,5
Vũ Đình Khôi,32,01,133,96,1550,1850,8
Nguyễn Đức Anh,37,01,148,90,1600,1500,6
Lý Văn Phúc,29,02,165,95,1750,1800,6
Vũ Đình Khôi,28,01,144,104,2050,1700,5
Vũ Đình Khôi,29,02,164,62,1600,2000,7
Nguyễn Đức Anh,34,02,163,74,2000,2100,8
Trần Ngọc Ánh,40,02,156,91,1850,2150,8
Đào Thị Hạnh,47,02,164,95,1800,2450,9
Đào Thị Hạnh,27,01,158,101,2300,2100,7
Đào Thị Hạnh,39,02,158,77,2200,1500,9
Dương Thanh Thảo,23,01,167,99,2150,1550,9
Bành Văn Hào,43,02,160,84,2200,2250,8
Phan Văn Cường,40,01,139,73,1950,2150,9
Dương Thị Tuyết,47,02,160,99,2200,1700,8
Phan Thị Liên,36,01,142,61,1900,1500,8
Phan Thị Liên,22,01,154,97,1700,2450,8
Châu Thị Bích,21,01,156,76,2000,2350,7
Phạm Quang Huy,24,02,153,89,1850,2300,9
Kiều Văn Tấn,36,01,158,102,2450,2050,7
Trần Bảo Linh,45,01,162,95,1700,1850,8
Võ Thị Hường,36,01,132,90,1900,1650,8
Hồ Quang Vinh,28,02,137,84,1500,2350,9
Triệu Thị Hằng,23,01,164,94,1700,2350,9
Nguyễn Đức Anh,45,01,149,85,1700,1800,6
Võ Thị Hường,46,01,142,69,1500,1900,9
Hà Thị Lệ,42,02,144,84,2300,1750,5
Tạ Quang Minh,22,02,141,101,1750,2450,7
Lê Phương Thảo,27,01,162,95,2000,1800,9
Lâm Thị Xuân,33,02,139,61,1550,1800,5
Nguyễn Trung Hiếu,23,02,157,78,2000,1500,9
Kiều Văn Tấn,34,01,131,84,2200,1750,5
Phan Thị Liên,46,01,140,94,1850,1950,5
Dương Thanh Thảo,47,02,163,100,1700,1650,8
Vũ Tài Sang,25,01,150,100,1650,1950,9
Lương Thị Ngọc,39,02,131,83,1550,1900,7
Đào Thị Hạnh,18,02,157,89,2100,1700,6
Dương Thanh Thảo,35,01,137,77,1500,1950,8
Vũ Đình Khôi,30,02,154,90,2450,1650,8
Tạ Quang Minh,47,01,153,96,2300,2300,5
Võ Thị Hường,36,02,160,81,1850,1900,7
Hoàng Minh Tuấn,46,02,160,75,2150,2250,9
Hoàng Thị Vân,29,01,158,80,1750,2250,9
Lâm Thị Xuân,41,01,132,62,1750,2100,9
Trần Bảo Linh,27,01,153,81,2300,2350,8
Hồ Thị Diễm,24,02,165,95,1950,2400,8
Lý Văn Phúc,27,01,146,80,1650,2000,7
Võ Hoàng Nam,36,02,142,63,1850,2350,8
Đào Thị Hạnh,34,01,135,74,1500,1550,8
Chu Văn Kiên,28,02,140,73,2450,2100,5
Trần Thị Mai,42,01,165,99,1600,2350,9
Mai Văn Sơn,45,01,168,83,1500,1550,5
Lê Anh Tuấn,36,02,169,104,2200,1900,7
Đinh Thị Lan,39,02,144,95,1700,2000,9
Vương Thị Kim,32,02,143,67,2300,1500,6
Triệu Thị Hằng,47,02,152,92,1850,2300,5
Hoàng Minh Tuấn,31,01,134,68,2250,1650,6
Kiều Văn Tấn,46,02,168,101,1550,2200,8
Võ Thị Hường,44,01,143,62,2400,2200,5
Vũ Tài Sang,28,02,162,86,1700,2050,5
Phùng Văn Đức,32,01,145,95,2350,1550,7
Phạm Quang Huy,20,02,166,92,2400,1900,6
Phan Thị Liên,36,01,145,69,1900,2300,6
Đào Thị Hạnh,25,02,152,74,1950,2050,6
Chu Văn Kiên,39,02,157,89,2400,1850,5
Dương Thanh Thảo,35,01,154,69,2200,2250,7
Châu Thị Bích,40,01,166,61,2400,1650,7
Trần Thị Mai,39,01,146,57,1750,2200,7
Đặng Quốc Bảo,21,02,153,97,2100,2250,7
Hồ Thị Diễm,33,01,172,68,1650,2450,9
Trần Ngọc Ánh,39,01,153,74,1950,2450,6
Chu Văn Kiên,42,01,161,77,2000,2000,8
Lê Văn Đạt,35,01,140,114,1550,1850,5
Mai Văn Sơn,33,02,142,111,2150,2000,7
Nguyễn Trung Hiếu,34,02,163,55,1700,2350,6
Tạ Quang Minh,44,02,153,56,2050,2100,9
Trịnh Thị Nga,38,01,141,91,1700,2350,6
Hoàng Minh Tuấn,31,01,151,68,1650,1600,5
Nguyễn Thị Thủy,40,01,163,91,1900,2200,7
Lưu Văn Nam,32,01,149,109,1650,2200,7
Cao Thị Cúc,47,01,162,105,1600,2000,8
Lê Khánh Ly,35,02,136,112,2400,1850,9
Dương Thị Tuyết,27,02,148,89,2450,2450,5
Mai Văn Sơn,47,01,130,58,2150,2300,8
Đỗ Mạnh Hùng,33,01,164,76,1500,2400,9
Mai Văn Sơn,33,02,170,60,2100,1950,6
Nguyễn Hải Đăng,22,01,150,78,1950,2200,6
Đỗ Mạnh Hùng,24,02,179,52,1650,1750,9
Đỗ Mạnh Hùng,28,02,150,93,2100,1800,9
Lê Khánh Ly,27,01,163,57,2450,1900,6
Cao Thị Cúc,38,01,136,97,1900,2050,5
Lê Phương Thảo,33,01,133,113,2050,1950,6
Hồ Quang Vinh,45,02,171,97,2000,1750,5
Vương Thị Kim,36,02,177,118,1700,1600,7
Châu Thị Bích,37,02,142,103,1500,2050,7
Ngô Xuân Trường,20,02,171,63,2300,1850,6
Phan Văn Cường,44,02,174,87,2050,2400,7
Võ Thị Hường,43,02,137,52,2200,1700,9
Vũ Tài Sang,38,02,168,62,2300,2150,8
Vương Thị Kim,25,01,174,117,1500,1850,9
Lê Văn Đạt,19,02,175,117,1700,1750,8
Lê Khánh Ly,24,02,160,116,1650,2450,8
Lâm Thị Xuân,30,01,171,75,2450,2150,8
Lưu Văn Nam,34,02,170,115,2100,1950,9
Phùng Văn Đức,43,02,153,63,1800,2100,7
Chu Văn Kiên,30,01,160,59,1800,2150,7
Đào Thị Hạnh,46,02,157,116,2450,2250,9
Trần Thị Mai,40,01,155,81,1650,1850,8
Chu Văn Kiên,42,02,155,82,2400,1600,7
Lương Thị Ngọc,21,01,146,77,2050,2450,7
Nguyễn Thị Thủy,39,02,176,64,1850,1600,9
Nguyễn Thị Thủy,46,01,156,103,1500,2050,8
Phan Thị Liên,27,02,154,111,2100,2250,5
Hồ Thị Diễm,32,01,148,80,2300,1850,5
Nguyễn Hải Đăng,36,02,165,50,1550,2300,9
Lê Khánh Ly,26,01,143,65,2450,2450,7
Vương Thị Kim,41,01,155,115,1750,1800,6
Bùi Thị Hồng,18,02,168,117,1800,1550,8
Vũ Tài Sang,36,02,152,112,1600,1650,6
Phạm Quang Huy,40,02,142,101,1750,2250,6
Vương Thị Kim,47,01,132,95,2350,1550,7
Đào Thị Hạnh,25,02,142,91,1600,2350,6
Vũ Đình Khôi,18,02,142,100,1900,1850,5
Lê Văn Đạt,28,01,161,72,1650,2200,6
Võ Thị Hường,45,02,138,68,2200,1550,5
Hoàng Minh Tuấn,23,01,169,89,2300,1850,9
Cao Thị Cúc,39,02,145,110,2450,1700,6
Trần Thị Mai,25,02,153,62,1850,1600,5
Trịnh Thị Nga,30,02,139,94,2050,2250,9
Nguyễn Hải Đăng,47,02,173,50,2450,1900,9
Dương Thanh Thảo,31,02,178,90,1650,2050,9
Kiều Văn Tấn,44,02,140,55,2400,2100,8
Trần Bảo Linh,26,02,157,69,1900,2250,6
Lê Anh Tuấn,34,02,134,112,2000,1500,6
Bùi Thị Hồng,35,01,155,82,1650,2350,8
Đinh Thị Lan,20,02,179,75,1550,2450,5
Châu Thị Bích,41,01,137,71,1900,1950,7
Hà Thị Lệ,19,02,153,68,2450,1500,9
Trần Ngọc Ánh,29,01,164,118,1750,2050,9
Lý Thị Sen,26,02,138,87,2350,1800,5
Hồ Thị Diễm,45,02,166,93,1800,2100,6
Trịnh Thị Nga,18,02,152,66,1550,1500,8
Chu Văn Kiên,29,02,162,102,2000,1600,7
Vũ Thị Mỹ Linh,36,01,173,52,2350,2350,6
Phạm Quang Huy,28,02,148,76,1600,2000,6
Phạm Thu Hà,44,01,175,56,1950,2250,8
Võ Thị Hường,30,02,145,67,2450,1950,5
Nguyễn Thành Long,32,01,179,66,1700,1600,9
Hà Thị Lệ,37,02,158,119,1800,2450,6
Trịnh Thị Nga,24,02,158,105,2300,2450,7
Vũ Thị Mỹ Linh,34,02,174,69,1750,2200,8
Phan Thị Liên,25,02,144,72,2000,1600,5
Phùng Văn Đức,47,01,133,111,2250,2050,8
Trần Ngọc Ánh,29,01,163,118,2100,1500,8
Trịnh Thị Nga,41,01,133,105,2250,1600,6
Lâm Thị Xuân,45,01,175,67,2350,2000,9
Lê Anh Tuấn,22,01,152,80,2100,2300,8
Bành Văn Hào,34,01,146,65,2050,2300,7
Bành Văn Hào,39,01,141,86,2150,1850,6
Đào Thị Hạnh,40,02,152,68,1900,2000,8
Châu Thị Bích,27,01,156,90,1550,2200,9
Trần Bảo Linh,35,01,130,58,1600,2200,8
Phạm Thu Hà,30,02,165,88,1950,2050,6
Nguyễn Thành Long,36,02,141,80,2300,1800,8
Lê Anh Tuấn,35,01,167,62,1600,1750,8
Vũ Đình Khôi,39,02,160,114,2450,2150,9
Nguyễn Đức Anh,22,01,169,107,1550,1500,5
Trần Thị Nga,47,02,139,78,2450,1950,8
Vũ Thị Sen,42,02,174,107,1500,1850,8
Trần Thị Cúc,29,02,138,83,2050,1900,9
Nguyễn Văn Đức,46,02,138,112,1550,1750,6
Lưu Thị Kim,27,02,137,79,2300,2100,6
Chu Thị Hạnh,34,02,135,73,2450,2400,7
Lâm Thị Diễm,46,02,141,75,2450,1700,5
Trịnh Thành Long,22,02,143,60,1950,1850,5
Đặng Thị Mai,28,02,167,112,1850,2400,6
Dương Văn Hào,34,01,157,86,1900,2100,8
Kiều Hoàng Nam,42,02,147,114,2200,1950,9
Trịnh Quang Vinh,44,02,152,95,2200,1500,8
Dương Thị Nga,18,01,152,89,2150,2450,5
Dương Văn Đức,45,02,154,92,1600,1900,7
Vương Thị Cúc,22,02,167,78,2250,2050,6
Cao Anh Tuấn,24,02,169,85,1550,2350,5
Lê Thị Hạnh,44,01,162,82,2250,1900,9
Vũ Văn Phúc,42,02,172,63,2050,2300,5
Đào Đức Anh,32,02,149,108,2300,1750,5
Phạm Thị Diễm,21,01,130,78,2100,2100,6
Lương Thị Hường,25,01,146,90,2150,2100,6
Bành Mạnh Hùng,46,02,179,51,2050,1900,5
Phạm Thị Hồng,38,01,172,100,2000,2100,5
Lê Thị Hạnh,20,01,142,71,2250,2350,6
Mai Thị Ngọc,33,01,175,86,1550,1800,7
Nguyễn Thị Hồng,28,01,134,112,2350,1700,8
Lương Thị Hường,44,02,150,51,2300,2050,8
Phùng Thị Bích,43,02,168,118,2450,1650,5
Lê Quang Vinh,33,01,156,50,1900,1750,6
Phan Minh Tuấn,36,01,134,118,1650,1700,8
Võ Thị Vân,32,01,151,102,1600,2300,5
Lê Thị Bích,19,02,132,84,1900,2150,9
Lê Quang Vinh,25,02,143,65,1800,1850,7
Nguyễn Thị Hạnh,34,02,132,85,2300,2150,5
Lê Thị Bích,35,01,146,96,1900,2400,7
Nguyễn Khánh Ly,25,01,155,92,2400,1650,6
Vũ Thị Lệ,19,02,152,51,1600,2350,7
Vũ Văn Phúc,42,02,176,97,1800,1800,9
Võ Thị Ngọc,39,02,146,101,1650,2100,8
Dương Văn Đức,19,01,156,112,2100,1950,7
Dương Văn Đức,20,01,133,66,1500,2400,5
Phan Thị Sen,28,02,160,103,1750,2300,7
Mai Quốc Bảo,27,01,147,95,1950,2200,8
Cao Thị Kim,42,01,179,65,1900,1900,7
Trịnh Thị Sen,33,01,166,106,1800,1500,8
Phan Thị Sen,37,01,149,85,2000,2350,8
Phan Quang Huy,32,02,165,96,1800,1700,7
Trần Thị Hạnh,27,01,176,88,1550,1900,6
Phan Thị Sen,38,02,164,65,1850,1850,9
Đào Đức Anh,27,01,152,62,2450,2250,6
Chu Thị Hạnh,24,01,174,115,2000,2350,8
Lưu Thị Kim,33,01,156,73,1550,1750,7
Hoàng Thị Hồng,40,01,148,88,2450,1850,6
Hoàng Anh Tuấn,42,02,165,116,1500,1500,9
Trần Thị Lan,38,01,135,93,1800,2250,9
Vũ Thị Lệ,47,02,138,89,1950,2400,5
Võ Mạnh Hùng,41,02,131,98,2100,2400,9
Lê Quốc Bảo,43,02,161,84,1600,1850,5
Triệu Văn Sơn,39,02,132,83,1500,2050,8
Triệu Văn Sơn,30,01,154,107,2250,1600,9
Đỗ Văn Đức,21,02,150,69,2150,1800,7
Dương Văn Hào,20,02,163,65,2200,1700,7
Hoàng Anh Tuấn,46,02,159,71,1650,2150,7
Lê Quốc Bảo,26,02,151,101,2100,1900,9
Đỗ Thị Tuyết,45,01,144,105,1850,2050,8
Lê Thị Thủy,35,02,134,82,2400,1700,6
Phạm Thị Xuân,35,01,141,88,2100,1500,9
Vương Thị Cúc,35,02,177,117,2100,2450,5
Kiều Thị Xuân,46,02,147,105,2200,1800,6
Triệu Văn Đức,29,02,163,60,1950,2000,5
Vũ Thị Tuyết,45,02,167,68,2100,1550,8
Trần Hoàng Nam,44,02,148,80,2300,2400,7
Trần Thị Hạnh,42,02,177,77,1550,1900,5
Phan Văn Tấn,41,01,140,76,2050,1750,7
Phan Minh Tuấn,28,01,154,57,2150,2050,9
Vũ Văn Phúc,45,01,155,113,2200,2450,7
Phan Thị Sen,27,02,141,70,1550,2050,5
Đặng Văn Hào,28,02,153,94,2050,2400,9
Trần Hoàng Nam,24,02,149,104,2150,2250,7
Mai Quốc Bảo,20,02,141,82,2250,1550,6
Phan Minh Tuấn,26,01,175,81,2000,2000,6
Châu Thị Hồng,18,02,131,84,1600,1850,5
Kiều Anh Tuấn,26,02,157,52,2450,1550,5
Triệu Văn Sơn,19,01,148,114,2350,1950,8
Triệu Văn Hào,29,01,130,107,2250,1950,9
Mai Thị Ngọc,46,01,141,118,1900,1850,6
Lý Xuân Trường,40,02,143,59,2200,2350,9
Lý Văn Đạt,45,01,176,117,1900,2200,8
Ngô Thị Hường,28,01,152,68,1650,1650,9
Lý Thị Mỹ Linh,20,01,173,110,1850,2150,7
Hoàng Anh Tuấn,36,02,142,95,1950,2150,6
Võ Thị Vân,38,01,133,51,1500,1800,7
Phùng Văn Kiên,25,01,143,51,2450,1750,6
Đinh Trung Hiếu,46,01,161,106,2100,2400,6
Lê Thị Hạnh,40,02,136,118,2350,1600,9
Lương Văn Hào,19,02,151,116,2150,2300,7
Vũ Thị Bích,39,02,143,54,1800,1750,8
Hoàng Thị Hồng,27,02,140,78,1900,2000,6
Phùng Văn Kiên,34,01,162,82,1800,2200,6
Dương Văn Đức,45,01,169,85,1550,2000,6
Phạm Thị Diễm,36,01,173,40,1850,2450,5
Triệu Văn Hào,43,02,173,91,2000,1800,8
Phạm Thị Diễm,26,01,165,106,2450,2450,6
Kiều Thị Xuân,31,02,134,113,1850,1500,8
Mai Quốc Bảo,45,02,130,87,2000,2350,8
Ngô Thị Hường,18,02,142,56,1800,2350,9
Đỗ Thị Tuyết,43,02,148,105,1900,1800,6
Vũ Thị Lệ,31,02,158,77,1750,2250,5
Cao Anh Tuấn,44,02,132,129,1650,1700,7
Lý Thị Hằng,29,01,130,43,1800,2000,8
Vũ Thị Bích,38,02,175,45,2050,1900,7
Võ Thị Vân,28,01,167,67,2400,2450,5
Bùi Văn Sơn,31,02,163,58,1500,2050,5
Lương Minh Tuấn,27,01,142,52,1500,2050,8
Đặng Thị Mai,26,01,131,76,1900,2000,9
Mai Quốc Bảo,42,01,148,106,2200,1800,5
Lê Văn Hào,31,02,177,43,2200,2150,7
Lý Thị Mỹ Linh,20,01,151,124,2200,2450,9
Phan Quang Huy,28,01,175,103,1800,2150,7
Hoàng Thị Ngọc,23,01,141,76,1650,2300,6
Lý Xuân Trường,30,01,135,105,1650,2250,8
Trần Thị Hạnh,22,01,158,120,1550,1500,6
Đinh Mạnh Hùng,22,02,166,106,1550,1500,8
Cao Thị Kim,32,02,172,73,2050,1650,7
Vũ Thị Lệ,18,01,151,76,1850,2300,8
Triệu Văn Hào,42,02,153,48,2300,1500,8
Vũ Thị Lệ,36,01,145,111,2100,1550,8
Lê Thị Bích,19,01,160,76,1700,1550,5
Võ Thu Hà,21,02,136,65,2250,1800,6
Lê Thị Kim,30,01,147,44,2150,2250,5
Võ Thị Vân,41,02,170,87,2150,2400,7
Trần Thị Lan,30,01,138,98,2200,2250,7
Phạm Thị Diễm,45,02,136,49,2000,1750,5
Kiều Hoàng Nam,36,02,150,42,2150,2350,9
Hồ Thị Lan,45,01,173,91,1650,1550,8
Mai Anh Tuấn,41,02,176,50,1550,1850,8
Triệu Văn Hào,30,01,165,110,2050,1500,8
Vũ Văn Phúc,44,02,141,103,2000,2000,5
Lương Tài Sang,22,01,135,81,2150,2450,5
Lý Văn Đạt,29,01,139,48,1800,2400,7
Kiều Thị Xuân,34,02,136,98,2400,1950,7
Phạm Thị Hồng,18,01,161,42,1550,1500,6
Lê Quốc Bảo,47,02,173,54,1750,2350,5
Trần Thị Hạnh,26,01,179,80,2350,1850,7
Phan Minh Tuấn,44,02,156,68,2150,1900,7
Vũ Thị Sen,45,01,160,54,1850,2200,5
Lương Minh Tuấn,22,01,176,121,2450,2250,7
Trần Hoàng Nam,25,02,158,91,1500,2050,7
Chu Thị Hạnh,47,01,142,123,1900,2050,5
Võ Thị Ngọc,34,02,173,112,1850,2150,9
Lưu Thị Kim,27,01,160,115,1750,2000,8
Nguyễn Thị Cúc,36,02,141,148,1550,2200,6
Hồ Thị Lan,28,01,166,93,2350,2000,6
Trần Thị Hạnh,20,02,147,82,1600,1700,6
Vũ Thị Sen,37,02,147,107,1700,2200,9
Đỗ Thị Hằng,38,02,173,87,1500,1500,8
Phùng Văn Kiên,18,02,160,112,2100,1600,9
Phan Quang Huy,45,02,135,132,1950,2000,7
Triệu Thị Lệ,24,02,137,84,2350,1950,5
Vũ Thị Bích,46,01,153,108,2350,1600,5
Đặng Văn Hào,23,01,174,74,1900,2400,7
Vũ Thị Sen,26,02,162,107,2450,2150,9
Lý Thị Mỹ Linh,36,01,131,96,2200,2400,5
Phạm Thị Xuân,26,02,140,60,2000,1800,9
Trịnh Quang Vinh,25,01,132,145,1750,1600,8
Nguyễn Thanh Thảo,35,02,143,142,2200,1650,7
Lê Thị Kim,24,01,169,96,1750,1650,6
Trần Hoàng Nam,35,02,148,73,1650,1550,9
Nguyễn Thanh Thảo,18,02,146,140,2250,1700,7
Dương Thị Nga,46,01,140,92,2400,2250,6
Hoàng Thị Ngọc,37,02,144,86,1650,1600,6
Lương Tài Sang,29,01,160,113,1650,1500,6
Nguyễn Thị Hồng,22,02,145,143,1650,2450,5
Dương Văn Kiên,24,02,130,69,2350,1800,6
Phạm Thị Hồng,22,01,143,67,2400,1650,9
Lê Văn Hào,45,02,178,143,1800,2300,5
Trần Văn Hào,31,02,138,62,2000,1600,5
Dương Khánh Ly,25,01,176,138,1750,1900,5
Cao Thị Kim,37,02,143,99,2400,1950,6
Dương Thị Sen,20,01,141,137,2200,1500,5
Lý Văn Đạt,19,02,141,111,2050,2200,5
Mai Thị Ngọc,33,01,166,74,1500,2400,9
Lê Thị Kim,37,02,177,109,1900,1500,9
Phùng Văn Kiên,44,01,136,142,2000,1850,6
Trịnh Thành Long,28,02,164,104,1750,2450,8
Lê Văn Hào,31,01,163,123,1750,1600,6
Đặng Thị Mai,29,02,147,116,2400,1800,8
Kiều Anh Tuấn,37,02,147,76,1850,2050,6
Lý Thị Tuyết,24,02,177,96,2050,1500,8
Trần Thị Nga,41,01,136,98,1550,1950,7
Hồ Thị Lan,29,02,152,64,1900,1800,9
Trần Thị Nga,47,02,160,108,1900,2300,8
Lương Văn Hào,40,01,135,144,2200,2200,8
Lý Xuân Trường,43,02,144,95,2000,2150,8
Hồ Thị Lan,44,02,161,133,2350,1750,9
Lê Thị Bích,40,01,171,120,1650,2200,7
Trần Hoàng Nam,35,02,155,67,2000,1500,8
Hoàng Thị Hồng,27,01,165,137,1700,1600,8
Đinh Mạnh Hùng,27,01,148,95,2350,2350,8
Vũ Thị Sen,44,01,159,137,2000,2300,9
Lý Văn Tấn,41,01,176,144,1600,1650,5
Mai Anh Tuấn,21,01,141,82,1800,2300,5
Ngô Thị Hường,27,02,151,116,1850,2150,8
Đỗ Văn Đức,26,01,172,84,1550,2400,5
Đinh Hoàng Nam,37,02,142,135,2200,2300,7
Dương Thị Sen,36,01,134,69,2050,2300,7
Dương Văn Hào,31,02,160,137,2000,1500,9
Phan Minh Tuấn,19,02,138,61,2450,2200,7
Hoàng Anh Tuấn,41,02,163,106,2450,1950,8
Lý Thị Mỹ Linh,37,02,167,77,1750,1550,5
Nguyễn Thị Hồng,18,02,178,133,1700,1800,6
Hoàng Văn Sơn,41,02,140,97,1900,2050,5
Trịnh Thành Long,29,02,174,96,1650,1850,7
Lương Hải Đăng,47,01,153,138,2400,2000,7
Đinh Trung Hiếu,24,01,160,78,1750,1950,6
Trịnh Quang Vinh,34,02,144,137,2150,2200,6
Phan Minh Tuấn,42,02,168,63,2000,1650,9
Trần Thị Nga,25,02,134,65,2350,1850,5
Châu Thị Hồng,44,02,137,81,2100,2300,6
Lương Văn Hào,32,02,162,126,2400,2300,5
Trần Hoàng Nam,40,02,155,145,1950,1850,8
Nguyễn Thanh Thảo,36,01,159,139,1800,1900,7
Phùng Thị Bích,38,01,151,66,1650,1900,5
Võ Thị Ngọc,47,02,130,91,1500,1800,7
Trần Thị Lan,43,02,135,128,1750,1800,8
Phạm Thị Mỹ Linh,32,02,143,99,2200,2350,8
Phạm Thị Xuân,34,02,178,112,1850,1550,5
Đặng Thị Mai,47,02,142,91,1750,1950,9
Dương Văn Kiên,25,02,138,84,1800,1850,9
Hồ Thị Lan,33,02,132,96,2000,2250,6
Đinh Phương Thảo,30,02,147,120,2050,1650,9
Nguyễn Văn Đức,32,02,177,82,1500,2050,7
Nguyễn Khánh Ly,18,01,139,120,2300,2200,5
Phùng Thị Mai,37,02,152,106,1800,1600,5
Trịnh Thị Sen,34,02,133,139,2350,2400,6
Đinh Phương Thảo,41,02,175,112,2350,2000,5
Dương Văn Kiên,30,02,148,71,2400,1900,5
Đinh Phương Thảo,37,02,143,77,2300,2350,9
Vũ Thu Hà,29,02,174,107,2300,1900,5
Đỗ Thị Hằng,18,01,166,137,1650,2250,5
Triệu Thị Lệ,23,01,138,146,2100,1600,7
Đỗ Thị Tuyết,36,01,144,98,2100,1800,8
Lê Thị Bích,40,02,153,138,2250,1550,8
Lê Thị Thủy,19,01,143,61,2100,2450,6
Chu Thị Hạnh,40,01,150,138,2300,2350,7
Đỗ Văn Đức,47,02,158,105,1550,2350,6
Trần Thị Nga,25,01,149,119,2400,1900,7
Châu Thị Hồng,38,02,142,62,1550,1800,9
Lưu Thị Kim,33,01,156,81,1900,2050,6
Trần Thị Hạnh,39,02,131,80,2400,2000,5
Võ Mạnh Hùng,33,01,144,59,1650,2150,7
Kiều Thị Xuân,24,02,151,39,2150,2300,4
Mai Anh Tuấn,45,01,153,45,2200,1600,6
Nguyễn Thị Cúc,33,02,162,43,2200,2450,2
Cao Thị Kim,30,01,164,53,1900,1750,9
Triệu Thị Lệ,40,02,176,57,2050,1750,4
Trịnh Thành Long,25,02,149,48,1850,2250,9
Đinh Mạnh Hùng,25,02,180,50,1650,1750,6
Lương Minh Tuấn,19,02,181,58,1500,2050,4
Phùng Thị Bích,44,02,187,57,1800,2150,5
Lê Thị Kim,35,01,166,58,2000,2350,5
Trần Hoàng Nam,33,01,184,44,1600,1900,8
Chu Thị Hạnh,45,02,177,47,2350,2150,9
Lương Văn Hào,43,01,167,38,2100,2000,9
Phạm Thị Diễm,25,01,175,43,1700,1650,6
Phùng Thị Bích,28,02,149,37,1850,2300,2
Vũ Thị Sen,31,02,155,38,2000,2350,2
Phan Văn Tấn,19,02,152,40,2050,2350,6
Vũ Thị Bích,18,02,170,51,1900,1800,6
Hồ Thị Lan,26,02,169,41,1950,1700,9
Dương Văn Hào,25,02,187,58,2100,1600,4
Trần Văn Hào,42,02,182,37,2150,1700,9
Đinh Hoàng Nam,25,02,183,43,1550,2300,2
Võ Thị Vân,33,02,176,47,2100,2000,8
Phạm Thị Hồng,23,02,152,46,2450,1500,8
Nguyễn Văn Đức,24,01,181,56,2200,1650,4
Chu Thị Hạnh,45,02,174,50,1850,1650,5
Trần Thị Cúc,25,02,161,46,1800,1750,2
Phan Minh Tuấn,41,01,172,36,1700,1950,4
Đỗ Thị Tuyết,31,01,181,44,1700,2400,4
Phạm Thị Xuân,28,01,174,53,2400,2350,4
Triệu Thị Lệ,34,01,161,39,1550,1650,4
Võ Mạnh Hùng,30,01,181,51,1850,1950,2
Dương Thị Nga,40,01,159,37,1900,2050,5
Lê Thị Kim,34,02,141,52,1650,1900,4
Vũ Thị Tuyết,45,02,166,56,2450,2050,2
Phan Quang Huy,36,01,175,47,1550,2350,8
Đỗ Thị Tuyết,23,01,164,47,2000,1600,9
Lý Thị Hằng,38,02,189,51,1650,2250,8
Lý Văn Tấn,27,01,185,49,1850,2200,6
Mai Quốc Bảo,22,01,145,43,2300,2050,4
Phùng Văn Kiên,24,02,174,47,2400,1650,6
Nguyễn Thị Hạnh,42,01,168,46,2300,1600,2
Lương Tài Sang,37,01,144,42,1850,2150,5
Lý Văn Đạt,27,01,165,42,1650,1700,2
Vương Thị Cúc,38,02,156,59,1500,2100,6
Lê Quang Vinh,40,01,158,48,2250,2150,7
Nguyễn Thị Hồng,47,01,175,45,1650,2000,4
Phạm Thị Hồng,40,02,182,45,2450,2350,2
Trần Văn Hào,32,02,154,46,1950,2000,6
Lê Văn Kiên,41,02,181,43,2300,1550,9
Võ Thị Vân,23,01,179,54,2150,2350,6
Hoàng Thị Ngọc,30,01,142,58,1950,1950,8
Lý Xuân Trường,28,02,177,49,1850,1950,7
Vũ Thị Lệ,26,01,170,49,2150,1900,7
Lý Xuân Trường,37,02,186,59,2200,1600,6
Triệu Văn Sơn,45,02,157,38,2250,1500,9
Vũ Thị Sen,27,01,170,56,1500,1950,5
Lý Thị Tuyết,20,01,165,51,2050,1900,5
Phạm Thị Diễm,29,01,144,53,1950,2150,2
Triệu Văn Hào,40,02,151,39,2350,1850,9
Lương Văn Hào,18,01,147,45,2350,2250,4
Vương Thị Cúc,25,01,165,56,2100,1950,6
Lê Văn Hào,42,01,163,43,2050,2000,9
Kiều Anh Tuấn,39,01,181,58,2400,2200,8
Phùng Thị Mai,46,02,145,54,1500,2150,5
Cao Thị Kim,34,02,146,58,2350,2150,6
Dương Thị Sen,30,02,156,53,2100,1500,2
Vũ Anh Tuấn,31,01,151,43,1500,1950,4
Đào Đức Anh,26,01,189,59,1500,2200,6
Hồ Thị Lan,47,01,182,46,2400,1550,2
Lê Quốc Bảo,29,02,188,54,1950,2150,6
Hoàng Văn Sơn,19,01,149,57,1650,2050,4
Đào Đức Anh,26,01,178,54,2300,1650,6
Lê Thị Thủy,31,02,166,51,1850,2050,9
Triệu Văn Hào,41,01,156,53,2300,2250,6
Lý Xuân Trường,43,02,149,41,1900,1900,7
Vương Thị Cúc,20,02,188,48,2200,2300,9
Lưu Thị Kim,42,02,141,44,1700,2450,8
Phùng Thị Bích,24,01,188,45,2400,2150,6
Triệu Thị Lệ,32,02,157,39,1650,1800,8
Trịnh Thành Long,35,01,178,52,1600,1900,4
Đặng Văn Hào,33,02,169,48,1800,1750,5
Hồ Thị Lan,30,02,161,41,1950,2250,7
Trần Thị Lan,22,02,159,52,1950,1950,7
Đặng Thị Mai,25,01,152,52,1950,1700,7
Cao Anh Tuấn,46,02,150,30,2200,1700,7
Phan Văn Tấn,45,01,183,39,1850,2350,6
Võ Thị Vân,31,02,172,39,1950,1600,2
Mai Anh Tuấn,26,01,180,32,1850,1700,5
Bành Mạnh Hùng,40,01,154,33,2050,2000,9
Nguyễn Khánh Ly,40,02,141,38,1850,1800,4
Lý Quốc Bảo,44,02,152,36,2300,1750,4
Lý Thị Mỹ Linh,32,01,172,40,1850,1500,4
Lê Thị Bích,45,01,153,32,1700,2350,4
Bành Thị Hồng,43,02,175,38,1650,1900,6
Đinh Phương Thảo,36,01,149,47,1950,2200,8
Triệu Thị Lệ,42,02,154,43,2250,1850,8
Đỗ Thị Tuyết,35,02,177,31,1550,2200,5
Triệu Văn Đức,38,01,167,44,2200,2000,9
Vũ Thị Bích,40,01,145,50,1900,2000,2
Dương Thị Sen,47,01,166,47,2400,2000,2
Lê Thị Kim,20,01,144,48,1750,1950,5
Châu Văn Kiên,28,02,155,30,1950,2050,6
Trần Thị Cúc,26,01,165,47,1600,2350,5
Đinh Trung Hiếu,27,02,141,50,2300,1900,4
Lương Minh Tuấn,45,02,170,40,2350,2450,6
Bùi Văn Sơn,22,02,165,49,2400,2000,4
Lý Văn Đạt,40,02,149,43,1900,1550,9
Lương Văn Hào,37,02,148,38,1650,2250,7
Vũ Thu Hà,32,01,154,42,1950,1950,4
Kiều Hoàng Nam,32,02,176,36,1800,2100,8
Vũ Thị Bích,22,02,155,52,1550,2250,4
Đỗ Thị Tuyết,24,01,162,45,1550,2300,5
Kiều Hoàng Nam,23,02,143,30,2150,2200,7
Mai Anh Tuấn,37,01,165,54,1550,2450,4
Phan Thị Sen,47,01,167,32,2450,1800,6
Lê Quốc Bảo,39,01,160,44,2200,1700,2
Phan Thị Sen,41,01,166,54,1550,2350,5
Vương Thị Cúc,20,02,146,39,2300,1650,5
Phan Văn Tấn,28,02,175,44,1600,1800,6
Kiều Anh Tuấn,35,02,162,35,1950,1650,4
Phạm Thị Hồng,26,01,155,47,1700,1950,4
Lê Quang Vinh,24,02,152,38,1900,2000,7
Hoàng Anh Tuấn,43,01,148,31,2300,1600,8
Vũ Thu Hà,32,01,163,53,2150,2050,4
Phùng Thị Bích,40,01,171,31,2200,1850,6
Lý Thị Hằng,35,01,150,42,2250,2450,2
Châu Thị Hồng,27,02,169,44,1850,1750,6
Lương Hải Đăng,33,02,180,47,1850,1650,2
Mai Quốc Bảo,37,01,176,44,1650,2300,8
Dương Khánh Ly,30,01,184,34,2200,1900,8
Võ Thị Vân,46,02,156,30,2250,1850,5
Lý Văn Tấn,27,01,174,52,1600,1500,9
Đinh Phương Thảo,28,01,157,35,2400,2350,2
Trần Thị Cúc,42,01,169,51,2300,1700,8
Hồ Thị Lan,32,02,173,42,1750,1700,7
Kiều Hoàng Nam,19,02,147,36,1950,1500,8
Phạm Thị Hồng,35,01,165,49,1650,1650,5
Đỗ Thị Tuyết,47,01,148,45,1550,1700,9
Nguyễn Thanh Thảo,27,01,167,53,1900,2100,4
Nguyễn Văn Đức,41,02,147,37,1900,2050,5
Lý Thị Tuyết,33,02,172,42,1750,2050,7
Lương Văn Hào,44,01,154,44,2200,2400,2
Vũ Thị Tuyết,28,02,146,49,2450,2150,7
Lương Hải Đăng,47,02,176,45,1850,1600,2
Hồ Thị Lan,37,01,166,31,2250,2250,8
Trần Thị Cúc,32,01,152,44,2450,2250,5
Triệu Văn Hào,47,02,172,42,1800,1700,4
Dương Văn Kiên,29,01,184,44,2150,1900,8
Nguyễn Thanh Thảo,45,01,152,54,1600,1650,4
Trần Thị Nga,38,01,180,50,2350,1750,6
Trần Văn Hào,41,02,179,38,2350,1800,8
Lê Thị Hạnh,38,01,173,47,1550,2350,5
Dương Văn Kiên,24,01,144,37,2200,2400,2
Vũ Thị Sen,33,02,145,41,2400,1700,4
Vũ Thị Lệ,20,02,179,50,1950,1700,9
Vũ Anh Tuấn,40,02,156,43,1950,1600,7
Bành Thị Hồng,19,01,169,30,1600,1500,4
Vũ Thu Hà,26,02,164,49,2000,2000,5
Châu Thị Hồng,42,02,163,43,1800,1550,2
Châu Văn Kiên,19,01,154,52,1600,1600,9
Vũ Thị Bích,34,01,168,36,2450,2250,4
Dương Văn Kiên,40,02,166,38,1600,1750,8
Nguyễn Khánh Ly,35,02,178,53,1900,1500,2
Phan Văn Tấn,23,01,155,35,2100,2450,9
Lương Văn Hào,21,01,153,49,2050,1700,4
Vũ Thị Tuyết,29,02,166,44,1500,1850,7
Dương Thị Nga,46,01,171,39,1900,2400,5
Dương Văn Hào,46,02,161,43,2400,2000,8
Bành Mạnh Hùng,42,02,164,39,2250,2250,4
Lê Văn Hào,43,01,178,34,1900,2150,8
Nguyễn Thanh Thảo,41,02,160,35,1600,2150,9
Nguyễn Khánh Ly,32,01,144,31,2200,2000,8
Vũ Anh Tuấn,20,01,179,54,2000,2250,5
Dương Khánh Ly,24,01,165,41,1900,1550,4
Vũ Văn Phúc,18,02,146,52,2450,1800,2
Hồ Thị Lan,29,02,171,33,1750,1800,8
Mai Thị Ngọc,23,02,143,42,2350,2450,4
Phan Minh Tuấn,23,01,171,44,2400,1850,9
Đỗ Thị Tuyết,25,02,168,50,1700,2000,9
Phạm Thị Diễm,36,01,141,33,2450,2100,7
Đặng Văn Hào,47,02,178,45,2300,2000,7
Dương Văn Đức,24,01,172,39,2450,1500,4
Dương Văn Hào,43,01,160,47,1500,1900,8
Hoàng Văn Sơn,42,01,171,43,2000,1550,5
Lê Văn Hào,23,02,161,53,2100,2450,8
Dương Thị Nga,44,01,178,33,1550,1600,6
Phan Thị Sen,29,02,157,54,1850,1900,8
Đào Đức Anh,33,02,158,35,1900,1950,2
Phạm Thị Mỹ Linh,23,01,178,36,1800,1750,6
Triệu Văn Đức,35,01,143,50,2000,1950,9
Lưu Thị Kim,31,01,178,32,2200,1600,5
Võ Thu Hà,34,01,172,54,1600,1950,7
Triệu Văn Đức,24,02,177,37,1500,2000,6
Lê Quốc Bảo,21,02,167,47,1500,1650,9
Kiều Hoàng Nam,20,02,179,41,1600,1750,2
Nguyễn Khánh Ly,24,01,149,49,1850,2450,4
Kiều Anh Tuấn,43,01,152,37,2350,1750,9
Phùng Thị Mai,31,01,153,47,2200,1700,4
Võ Thị Vân,24,01,151,44,1600,1750,9
Bành Mạnh Hùng,29,02,161,49,1800,1550,8
Hoàng Thị Hồng,45,02,184,37,2100,1500,7
Lương Văn Hào,35,01,149,50,1700,2150,9
Lê Thị Kim,46,02,144,41,2450,2100,4
Đào Đức Anh,41,02,181,50,2300,2400,2
Lý Thị Hằng,42,01,158,33,2200,2050,2
Cao Anh Tuấn,22,02,171,37,1700,2450,2
Dương Thị Nga,24,02,160,35,1750,2350,5
Lê Thị Kim,25,02,170,43,1500,2250,8
Phùng Thị Mai,39,01,182,49,2000,1500,8
Châu Văn Kiên,33,02,140,30,2150,1650,9
Mai Anh Tuấn,43,02,178,52,1700,2450,4
Phan Quang Huy,40,01,176,33,2000,1800,9
Phùng Văn Kiên,40,01,163,42,1600,2050,7
Đinh Phương Thảo,25,02,157,45,2100,2450,4
Bành Mạnh Hùng,19,02,142,31,1500,1750,9
Đỗ Văn Đức,26,02,168,30,2250,2450,8
Đặng Văn Hào,42,01,183,51,2000,2150,2
Bùi Văn Sơn,23,02,140,45,1950,1750,6
Trần Thị Lan,23,02,141,52,1900,2350,7
Trần Văn Hào,44,01,141,46,2100,2100,4
Lưu Thị Kim,31,02,178,44,2250,1550,5
Đỗ Thị Hằng,40,01,140,43,2100,2350,8
Dương Thị Sen,45,02,154,41,2450,1650,5
Vũ Thị Sen,44,02,142,36,2250,1700,8
Lê Quốc Bảo,30,01,170,46,2100,1600,7
Vũ Thị Tuyết,32,02,174,37,2250,1750,4
Trần Hoàng Nam,39,02,175,39,1750,2300,7
Trần Thị Cúc,29,02,177,42,1500,1700,6
Mai Anh Tuấn,45,02,164,31,1550,2350,8
Trịnh Thị Sen,34,01,141,47,1700,1800,4
Đặng Văn Hào,29,02,155,30,1500,2300,6
Bành Thị Hồng,35,01,174,37,2450,1950,2
Dương Văn Hào,43,01,146,34,1650,2300,7
Trần Thị Cúc,46,02,153,45,2050,1700,5
Triệu Thị Lệ,26,01,180,33,2350,1650,4
Vũ Thu Hà,28,01,160,31,1550,2300,5
Đinh Trung Hiếu,37,02,159,47,1950,2050,4
Lý Quốc Bảo,47,02,166,32,1550,1700,4
Lê Thị Kim,22,02,166,45,1950,1850,5
Lê Quang Vinh,26,01,176,49,2450,2250,5
Cao Anh Tuấn,27,02,177,46,2400,1600,4
Nguyễn Thị Hồng,41,02,145,34,1750,2100,8
Dương Thị Nga,40,02,170,35,2450,2450,4
Phùng Thị Bích,42,01,156,39,2400,2200,8
Đỗ Thị Tuyết,39,02,141,36,1550,2200,5
Lương Hải Đăng,37,02,181,56,1750,2250,4
Phạm Thị Diễm,28,02,166,31,2150,2200,4
Nguyễn Thanh Thảo,18,02,183,60,2100,2450,6
Cao Anh Tuấn,24,02,177,55,2400,2050,6
Lý Thị Mỹ Linh,34,02,174,36,1800,1500,7
Phùng Thị Mai,41,02,158,36,2200,1800,6
Bành Mạnh Hùng,21,01,150,34,1700,1600,4
Phan Văn Tấn,21,01,182,44,1750,1650,4
Đặng Văn Hào,31,02,184,31,1950,2400,4
Võ Thị Vân,18,01,168,35,2450,1750,4
Lương Tài Sang,42,01,182,47,1550,1900,6
Đinh Hoàng Nam,25,02,179,44,1950,2450,8
Nguyễn Thanh Thảo,27,01,152,32,2300,2200,5
Lê Thị Hạnh,40,01,166,31,2350,2050,4
Đinh Phương Thảo,34,02,168,45,1500,2150,5
Mai Quốc Bảo,18,02,144,34,2400,2150,5
Võ Thu Hà,30,02,162,46,2400,2350,6
Triệu Văn Sơn,45,01,169,34,1500,2450,7
Nguyễn Thị Cúc,33,02,145,34,1600,1650,7
Châu Văn Kiên,25,02,180,49,1800,2350,8
Võ Thị Vân,35,02,158,42,1550,1600,8
Lê Thị Hạnh,31,02,166,38,1750,1700,7
Đặng Văn Hào,29,02,159,40,2150,1900,7
Triệu Văn Đức,38,01,162,31,1800,1950,7
Hoàng Thị Hồng,28,01,170,33,2050,1650,5
Châu Văn Kiên,37,02,164,37,2350,2050,7
Hồ Thị Lan,41,02,168,35,1900,1850,6
Trần Hoàng Nam,38,01,170,47,1700,1650,5
Vũ Văn Phúc,46,01,153,35,2300,2250,4
Cao Thị Kim,25,01,155,43,1650,2000,4
Bùi Văn Sơn,28,02,174,50,1600,2350,4
Trần Văn Hào,18,02,174,55,1850,1500,4
Lê Thị Thủy,18,02,156,39,2400,1600,7
Ngô Thị Hường,20,01,157,31,1850,1600,6
Lương Thị Hường,40,01,152,32,1950,2100,7
Đinh Trung Hiếu,40,02,181,60,2450,2400,4
Lương Hải Đăng,25,01,167,50,1700,2450,5
Nguyễn Thanh Thảo,28,01,145,34,1650,1700,5
Phan Minh Tuấn,28,02,184,53,1900,1750,5
Triệu Văn Đức,30,02,159,44,1650,2000,7
Phùng Văn Kiên,44,02,183,35,2450,2250,7
Cao Anh Tuấn,18,01,173,47,1650,2250,8
Dương Văn Đức,44,01,166,50,1500,1700,6
Vũ Thị Sen,28,01,165,37,2450,1750,4
Lê Văn Kiên,21,01,178,56,1650,2250,7
Võ Thu Hà,37,02,144,30,1500,2200,8
Mai Anh Tuấn,41,01,160,32,1500,2350,4
Phạm Thị Mỹ Linh,25,02,166,41,2250,2000,4
Trần Văn Hào,45,01,168,49,1900,2100,5
Trần Thị Nga,43,01,179,34,2400,2300,7
Triệu Thị Lệ,43,02,170,42,1750,2200,5
Đinh Hoàng Nam,43,02,180,32,1700,1800,6
Hoàng Thị Ngọc,40,01,148,34,2250,1800,8
Đỗ Văn Đức,22,01,167,33,2250,2200,7
Triệu Văn Hào,29,02,181,57,2300,1900,4
Vũ Thị Sen,35,02,155,35,1700,2450,4
Kiều Hoàng Nam,34,01,147,31,2450,1500,5
Lý Văn Đạt,42,01,183,36,1900,1700,7
Trần Thị Lan,25,02,177,42,1550,1950,7
Vương Thị Cúc,31,02,184,56,2050,1700,7
Hoàng Thị Hồng,33,01,178,41,1900,2150,4
Kiều Thị Xuân,23,01,166,46,2000,1950,6
Kiều Hoàng Nam,26,02,184,49,2250,1550,7
Lương Tài Sang,40,01,180,45,2400,2450,4
Hoàng Văn Sơn,28,02,146,33,1650,1650,4
Nguyễn Thị Hạnh,38,02,177,38,1500,1800,6
Lê Thị Hạnh,37,02,162,45,2050,2300,5
Đỗ Văn Đức,28,01,168,32,1750,1750,5
Trần Văn Hào,35,01,169,32,1800,1500,6
Vũ Thị Bích,38,02,154,41,2150,1500,5
Võ Mạnh Hùng,41,02,182,54,1850,2100,8
Mai Anh Tuấn,36,02,170,40,1500,2250,5
Lý Thị Hằng,32,01,162,47,1950,2250,5
Vũ Thị Tuyết,30,01,165,43,2100,1500,8
Lâm Thị Diễm,28,01,173,44,2050,2000,6
Dương Văn Đức,18,02,180,34,2400,2350,8
Vương Thị Cúc,27,02,144,34,2050,2000,8
Phùng Thị Bích,46,02,181,60,2350,1600,8
Nguyễn Thị Cúc,42,01,147,30,2100,1550,5
Bành Thị Hồng,43,01,161,33,1650,1850,7
Dương Văn Đức,41,02,172,54,2350,2050,4
Châu Văn Kiên,41,01,173,35,2050,1700,5
Đỗ Văn Đức,23,01,165,48,1650,2000,8
Nguyễn Thanh Thảo,30,02,184,38,2300,1950,8
Vũ Thị Lệ,29,02,170,51,2200,2300,4
Trịnh Quang Vinh,34,02,164,33,1650,1950,6
Hoàng Thị Ngọc,24,02,176,30,1700,2100,6
Đinh Phương Thảo,21,01,182,54,2300,1550,4
Kiều Hoàng Nam,41,02,181,31,1900,1950,5
Trịnh Thành Long,32,02,180,57,2100,2250,4
Đào Đức Anh,22,01,169,43,1550,1900,4
Lương Thị Hường,40,02,183,33,1650,1950,6
Vũ Thu Hà,44,02,159,40,2000,2450,8
Vũ Thị Tuyết,46,01,150,30,1650,1950,8
Cao Thị Kim,37,01,143,33,2050,2300,6
Trần Thị Nga,37,02,146,31,1750,2300,8
Nguyễn Khánh Ly,21,01,183,56,2250,1950,4
Đinh Mạnh Hùng,41,01,178,42,2200,2450,7
Đinh Phương Thảo,41,02,152,32,2050,2200,5
Võ Thị Ngọc,20,02,184,45,1600,1500,7
Phùng Thị Mai,21,01,166,31,1750,2350,6
Triệu Thị Lệ,40,02,175,47,1800,1650,4
Đỗ Văn Đức,20,02,174,49,1700,1900,7
Mai Quốc Bảo,47,02,180,46,2100,2400,8
Lý Thị Mỹ Linh,44,02,162,42,2400,2050,5
Đặng Thị Mai,27,02,166,33,2400,1500,5
Bành Thị Hồng,24,02,172,39,2150,2150,5
Lý Quốc Bảo,41,01,163,38,1900,2250,4
Trần Văn Hào,29,01,167,39,2000,2400,5
Đào Đức Anh,42,01,165,35,2000,2350,4
Trần Thị Cúc,28,01,176,53,1650,1550,6
Mai Quốc Bảo,27,01,171,51,1700,2050,4
Dương Thị Sen,32,01,177,49,2350,2050,7
Đinh Phương Thảo,43,01,176,54,1900,2450,6
Nguyễn Khánh Ly,46,01,147,38,2000,1550,4
Vũ Thị Lệ,28,02,147,32,1900,2400,6
Lê Thị Kim,38,02,160,31,1650,2350,8
Đào Đức Anh,43,02,175,39,2350,2450,6
Lâm Thị Diễm,46,02,182,44,1700,1600,6
Triệu Văn Hào,37,01,176,39,1900,1950,5
Hồ Thị Lan,34,02,164,43,2400,2000,7
Hoàng Thị Ngọc,31,01,167,50,1950,2350,7
Võ Thị Ngọc,18,01,142,37,1550,1950,5
Trần Văn Hào,22,02,141,30,1950,1750,8
Ngô Thị Hường,23,02,155,34,1800,1950,7
Đinh Hoàng Nam,30,02,142,33,2100,1950,5
Lý Văn Tấn,38,01,181,38,1550,1950,8
Lê Thị Thủy,41,02,182,56,2100,1800,4
Nguyễn Thanh Thảo,20,01,140,31,1750,2450,7
Bành Thị Hồng,42,01,175,37,2350,2350,7
Kiều Hoàng Nam,24,02,176,56,2000,2450,5
Lý Văn Đạt,27,02,181,56,1950,2050,6
Triệu Văn Hào,28,02,175,32,2150,2050,4
Trần Thị Cúc,43,01,151,41,1500,1600,7
Vũ Thị Tuyết,20,01,182,32,1700,1500,6
Trịnh Thị Sen,40,01,169,44,2450,2450,4
Lý Xuân Trường,28,01,179,35,2000,2050,7
Triệu Văn Đức,44,01,146,33,2200,2100,4
Triệu Thị Lệ,38,02,168,51,2250,1650,5
Trần Văn Hào,26,02,181,46,1850,2000,5
Chu Thị Hạnh,35,01,176,45,2350,1900,8
Lý Xuân Trường,20,02,140,31,2250,1950,5
Đặng Văn Hào,21,02,164,33,1750,2300,5
Lý Thị Tuyết,30,02,179,32,2000,1750,5
Dương Khánh Ly,28,01,164,39,1500,1600,4
Mai Thị Ngọc,47,02,166,43,2300,1700,5
Châu Văn Kiên,44,02,180,45,2050,2100,5
Triệu Văn Đức,41,01,163,32,2200,2300,7
Lý Thị Tuyết,33,01,146,39,2200,1700,8
Võ Thu Hà,19,01,142,33,2200,2200,5
Mai Quốc Bảo,32,01,147,33,2100,2450,7
Lê Thị Hạnh,29,01,171,36,1600,1900,7
Đỗ Thị Hằng,45,01,181,34,1700,2400,5
Vũ Thị Sen,24,01,157,36,2250,1750,5
Lê Thị Bích,24,01,141,31,1600,1900,7
Bành Mạnh Hùng,47,01,168,34,2350,2150,6
Vũ Thị Sen,25,02,172,32,1600,2150,6
Phùng Văn Kiên,47,02,176,30,1900,2050,5
Nguyễn Thị Cúc,24,02,184,43,1750,1750,4
Lâm Thị Diễm,19,02,169,51,1600,2100,8
Phạm Thị Diễm,22,02,179,51,1600,2300,6
Vũ Thị Bích,38,01,156,45,1850,1550,4
Lý Văn Đạt,22,01,184,40,1650,2400,4
Lý Thị Hằng,23,01,174,52,2350,2150,6
Chu Thị Hạnh,33,01,179,55,2450,2450,4
Trần Văn Hào,20,02,182,59,1950,2050,8
Vũ Thị Lệ,42,01,161,38,2100,2350,7
Châu Văn Kiên,44,01,179,41,1850,1500,7
Bành Mạnh Hùng,35,02,172,45,1650,2350,7
Đinh Hoàng Nam,18,01,174,30,2300,2250,5
Phạm Thị Mỹ Linh,24,02,162,47,2000,1850,8
Đỗ Thị Tuyết,23,01,160,41,1800,1750,6
Hoàng Anh Tuấn,34,02,163,39,1700,2300,4
Phạm Thị Diễm,18,01,171,40,1900,1800,7
Dương Văn Kiên,34,01,151,33,1500,2200,5
Dương Khánh Ly,24,01,172,37,1850,1650,6
Lý Văn Tấn,40,02,169,51,2150,1750,5
Châu Thị Hồng,31,02,176,52,1800,1800,6
Đinh Mạnh Hùng,31,02,147,35,1850,2400,6
Lương Hải Đăng,37,01,153,35,2250,1750,8
Phùng Thị Bích,31,01,168,40,1700,1500,6
Lê Quang Vinh,37,02,156,41,2200,2150,8
Kiều Hoàng Nam,33,02,181,50,1600,1900,4
Bùi Văn Sơn,19,01,154,38,2050,1950,6
Lương Minh Tuấn,29,01,177,50,1550,1500,6
Mai Quốc Bảo,42,01,174,40,2050,2400,4
Lương Tài Sang,30,01,169,45,2050,1600,6
Lê Thị Hạnh,23,01,166,34,2200,2450,4
Kiều Hoàng Nam,31,01,162,37,2450,2150,5
Đỗ Văn Đức,24,01,182,48,1800,1850,8
Nguyễn Thị Cúc,33,01,172,43,2200,1550,4
Dương Văn Hào,36,02,177,41,2250,2000,4
Dương Văn Kiên,43,01,178,44,2050,2450,4
Lâm Thị Diễm,18,01,178,50,2200,2150,7
Dương Khánh Ly,34,01,164,45,1850,1700,5
Cao Thị Kim,39,01,144,34,2100,1650,7
Võ Thu Hà,20,02,178,30,2200,1650,6
Vũ Thu Hà,25,02,165,40,2400,2450,6
Nguyễn Khánh Ly,43,01,156,36,2450,1800,5
Võ Thị Vân,32,01,163,45,2100,2100,5
Triệu Văn Sơn,29,02,150,38,2200,2050,8
Phạm Thị Mỹ Linh,39,01,171,35,1650,2350,6
Kiều Anh Tuấn,28,01,178,44,1850,1950,6
Lương Hải Đăng,30,02,178,35,2150,2450,7
Hồ Thị Lan,40,02,172,47,2150,1850,6
Hoàng Văn Sơn,24,01,177,44,1600,2450,4
Lý Quốc Bảo,25,01,176,54,2150,2000,4
Bành Thị Hồng,42,01,150,32,1550,2100,7
Ngô Thị Hường,27,02,149,35,1800,1650,4
Đặng Văn Hào,21,01,179,50,2250,2450,8
Lý Thị Tuyết,40,01,164,46,2050,1750,6
Đỗ Văn Đức,46,01,159,37,2450,1600,6
Phùng Văn Kiên,38,01,149,35,2200,1900,8
Lý Thị Mỹ Linh,44,01,183,45,2450,2250,8
Lý Thị Mỹ Linh,44,01,180,50,1700,1550,5
Lâm Thị Diễm,35,01,163,45,2450,2150,5
Triệu Văn Đức,24,02,181,42,1700,1700,7
Lê Thị Thủy,46,01,182,61,1850,1850,7
Đặng Thị Mai,44,02,179,42,2250,1850,4
Trần Thị Nga,46,01,179,52,1500,1850,7
Đỗ Thị Tuyết,30,02,153,38,1900,1850,4
Phạm Thị Hồng,32,01,182,52,1600,1750,4
Lý Thị Hằng,43,01,183,53,2200,1550,4
Lưu Thị Kim,44,01,179,55,1600,1600,6
Lương Thị Hường,37,01,173,31,1800,2200,7
Lý Văn Tấn,33,02,177,40,2200,2400,5
Hồ Thị Lan,42,02,140,33,1600,2050,4
Nguyễn Khánh Ly,23,01,152,39,1950,1900,4
Trịnh Thị Sen,22,01,159,30,1700,2300,6
Võ Thu Hà,18,02,160,31,2100,1950,8
Trần Thị Nga,25,01,174,46,2450,1550,6
Phạm Thị Diễm,39,01,161,38,1800,2350,7
Phùng Văn Kiên,31,01,151,32,2050,1550,7
Đặng Thị Mai,40,02,167,38,1700,1850,8
Lê Thị Kim,33,02,157,44,1850,2200,4
Triệu Văn Sơn,35,01,169,30,1800,2050,8
Lê Thị Kim,23,01,163,42,1750,1500,7
Trịnh Thị Sen,38,01,168,38,2050,2300,6
Lê Thị Thủy,30,02,170,45,2300,1550,4
Lý Xuân Trường,43,02,179,56,2250,1950,6
Lê Quang Vinh,30,01,170,37,1850,2150,4
Đinh Mạnh Hùng,33,01,180,47,1750,1900,5
Nguyễn Thị Hồng,22,01,164,49,1750,1950,6
Trần Hoàng Nam,29,02,162,48,2200,1750,5
Đinh Trung Hiếu,46,02,158,39,2050,2300,6
Lương Tài Sang,38,02,161,35,1650,2450,8
Hồ Thị Lan,27,01,177,51,1850,1700,7
Dương Văn Kiên,46,01,172,39,1550,1600,6
Vũ Văn Phúc,26,02,158,40,1900,2150,7
Lương Minh Tuấn,27,01,159,35,2150,2300,7
Đinh Trung Hiếu,42,02,171,30,1950,1700,5
Lý Thị Tuyết,23,02,176,54,2300,2250,6
Trịnh Thị Sen,19,02,159,31,2050,1600,7
Cao Anh Tuấn,45,01,179,51,1500,2400,7
Mai Quốc Bảo,36,02,171,42,1900,1650,6
Lý Văn Tấn,36,02,178,48,2200,1750,5
Phạm Thị Hồng,24,02,171,46,1900,1550,4
Nguyễn Thị Cúc,29,02,182,60,1650,2450,5
Mai Quốc Bảo,44,02,176,39,2250,1900,4
Trần Thị Cúc,24,01,177,57,2100,1500,8
Hoàng Văn Sơn,27,01,182,31,1950,1550,8
Trịnh Quang Vinh,33,02,151,37,1500,1700,6
Nguyễn Khánh Ly,33,01,171,33,1500,2300,6
Triệu Thị Lệ,37,01,161,43,2250,1550,8
Châu Văn Kiên,31,02,151,41,2400,1750,4
Phùng Thị Bích,32,02,183,45,1800,1850,6
Đặng Văn Hào,32,01,160,47,2400,2000,4
Đặng Thị Mai,18,01,184,42,1500,1800,8
Lưu Thị Kim,25,01,157,40,2000,2150,6
Lê Văn Hào,39,02,169,36,2250,2300,4
Dương Thị Nga,42,01,167,47,2250,2450,7
Dương Văn Kiên,47,02,181,50,2050,1950,7
Vũ Thị Lệ,37,02,180,33,1550,1700,5
Nguyễn Thanh Thảo,38,01,182,57,1900,1650,5
Vũ Thị Tuyết,37,01,147,34,1850,2400,8
Chu Thị Hạnh,22,01,182,52,1800,1500,7
Ngô Thị Hường,30,01,167,42,1700,2350,8
Dương Văn Kiên,43,02,182,61,1700,2150,7
Lý Quốc Bảo,42,01,169,44,2050,2200,6
Nguyễn Thị Hồng,45,02,145,37,1600,2300,8
Phạm Thị Hồng,39,02,145,37,1500,1700,4
Dương Văn Hào,22,02,182,37,2150,2250,4
Lý Thị Tuyết,43,01,143,35,1950,1800,6
Trịnh Quang Vinh,25,02,180,58,2100,2350,8
Đỗ Thị Hằng,20,01,165,34,2450,2100,8
Lê Thị Hạnh,19,01,180,50,1500,2200,5
Lê Thị Bích,30,02,165,34,2050,1600,8
Đinh Hoàng Nam,18,02,178,44,2450,1600,8
Ngô Thị Hường,46,01,174,37,2100,2350,7
Lương Tài Sang,33,01,174,51,1850,1700,5
Lý Quốc Bảo,30,01,183,42,1700,2100,8
Hoàng Anh Tuấn,45,01,169,42,2150,1850,8
Trịnh Thành Long,27,01,173,34,1700,2100,4
Phạm Thị Mỹ Linh,19,01,178,41,1750,1600,8
Hoàng Anh Tuấn,44,02,153,41,2300,1900,8
Phùng Thị Mai,31,02,175,54,2100,1500,4
Phạm Thị Hồng,27,02,143,36,2400,1500,5
Trịnh Quang Vinh,42,02,157,31,2200,1600,6
Nguyễn Văn Đức,35,02,170,35,2350,2100,6
Lê Thị Bích,37,02,180,33,2250,2050,6
Lê Quang Vinh,46,02,163,42,1900,2000,8
Đinh Phương Thảo,21,01,183,36,2000,2050,5
Trần Thị Lan,20,01,175,52,2200,1950,8
Phan Văn Tấn,45,02,184,38,1950,2050,6
Vũ Văn Phúc,35,01,184,45,1700,2450,4
Lương Thị Hường,45,01,141,30,2150,1650,7
Dương Khánh Ly,25,02,146,37,1600,2400,7
Cao Thị Kim,36,01,171,36,2200,1850,7
Trịnh Thị Sen,24,01,182,46,1850,1850,8
Vũ Thị Sen,40,01,183,31,2100,2250,7
Lê Thị Thủy,18,02,148,34,1700,2100,7
Kiều Thị Xuân,39,01,182,59,2000,2150,4
Lý Quốc Bảo,29,02,172,44,1950,1800,7
Lê Thị Kim,30,02,179,32,2000,2050,8
Lương Minh Tuấn,24,02,182,35,1800,2400,8
Trần Văn Hào,39,02,166,31,2450,1500,7
Võ Thị Vân,24,02,182,42,1750,1800,8
Lý Văn Tấn,41,02,152,41,2000,2400,4
Đặng Văn Hào,38,02,167,34,2000,1550,5
Lương Hải Đăng,40,02,167,38,2450,1700,6
Lê Văn Kiên,24,02,177,49,1550,1750,8
Phạm Thị Mỹ Linh,31,02,150,32,1650,1650,7
Mai Anh Tuấn,33,02,184,31,1800,1650,6
Vũ Thị Lệ,33,02,163,31,1700,1900,4
Phạm Thị Hồng,31,01,174,52,2050,1900,7
Hoàng Thị Hồng,26,02,184,51,1800,2400,5
Lý Văn Đạt,21,01,182,38,2400,1600,6
Lâm Thị Diễm,23,01,143,34,1500,1550,6
Phùng Thị Mai,42,01,164,47,2400,2150,6
Dương Văn Đức,40,01,184,61,2450,2450,8
Châu Thị Hồng,30,01,173,45,1850,1800,7
Võ Thu Hà,22,02,160,36,1850,1500,5
Cao Anh Tuấn,19,02,171,42,2100,2450,5
Trần Văn Hào,26,01,166,40,2200,2150,8
Nguyễn Thị Hồng,34,02,150,38,2250,1800,6
Mai Anh Tuấn,47,01,177,51,2100,2200,4
Lê Thị Kim,29,02,150,31,2100,2100,7
Châu Thị Hồng,36,01,168,30,2250,2000,7
Lê Thị Bích,25,02,145,36,2150,1600,4
Trần Thị Nga,25,02,180,30,1950,1750,5
Lê Văn Hào,47,01,172,45,1700,1650,4
Mai Quốc Bảo,27,02,162,34,2300,2350,5
Lâm Thị Diễm,18,02,168,44,2450,2200,4
Dương Thị Sen,25,01,173,41,2250,2050,7
Dương Thị Nga,23,02,174,39,1850,1700,8
Hoàng Thị Hồng,25,02,157,43,2100,1550,5
Nguyễn Thị Cúc,20,02,143,30,1950,2400,7
Đỗ Thị Tuyết,24,02,167,50,1850,1600,5
Đặng Thị Mai,24,02,183,36,1700,2050,5
Lương Văn Hào,24,02,181,49,2150,1600,7
Lý Văn Tấn,45,02,148,33,1900,2150,6
Đinh Phương Thảo,25,02,171,47,2350,2350,6
Phùng Văn Kiên,47,01,164,43,2100,1750,4
Vũ Thu Hà,24,01,169,30,1650,2350,4
Mai Anh Tuấn,23,02,175,36,2250,2300,7
Phan Quang Huy,23,01,175,36,2200,2450,7
Nguyễn Văn Đức,38,02,148,32,1500,1950,8
Lê Thị Thủy,33,02,182,45,1850,2200,5
Nguyễn Thanh Thảo,46,02,159,43,2400,1550,5
Lê Thị Thủy,40,02,184,45,1600,2350,4
Lý Thị Mỹ Linh,18,01,165,32,2150,1550,5
Đinh Phương Thảo,24,02,153,31,2450,1800,6
Dương Thị Sen,40,02,174,48,2450,2100,7
Lê Văn Kiên,18,02,148,40,1500,1850,8
Đào Đức Anh,34,02,160,30,1900,1950,4
Đinh Mạnh Hùng,32,01,164,49,1750,1650,5
Vũ Thị Lệ,33,01,156,33,2150,2400,8
Dương Văn Kiên,47,01,160,43,2150,2200,6
Vũ Thị Lệ,33,01,171,41,1750,1500,7
Võ Thu Hà,34,01,180,42,2400,2000,5
Bùi Văn Sơn,22,02,146,32,1600,1950,8
Phùng Thị Bích,28,02,176,44,2150,1950,7
Lê Văn Kiên,47,01,159,43,2000,2100,4
Nguyễn Khánh Ly,32,02,153,39,1600,1500,8
Lương Minh Tuấn,47,01,181,38,2100,2250,6
Trần Văn Hào,44,02,174,48,2000,2100,8
Dương Thị Nga,18,01,182,49,1600,2150,7
Hồ Thị Lan,23,02,165,42,2450,2150,5
Châu Văn Kiên,34,01,173,55,1750,2050,8
Đinh Hoàng Nam,18,01,145,31,2150,2050,5
Lương Tài Sang,21,01,166,49,2250,1900,7
Nguyễn Thị Hạnh,18,02,180,53,2150,2100,6
Đinh Mạnh Hùng,43,01,141,30,2150,1650,4
Mai Thị Ngọc,29,01,176,39,1550,1950,6
Bùi Văn Sơn,45,02,162,40,2150,2250,5
Kiều Thị Xuân,36,01,172,52,1550,1550,4
Lê Văn Hào,35,02,159,39,1900,1850,8
Lê Thị Kim,36,02,175,32,2150,2100,4
Lê Thị Bích,38,01,173,40,2450,2400,5
Trần Thị Cúc,45,01,181,48,1600,2250,6
Đỗ Thị Tuyết,35,02,155,43,1950,1850,7
Hồ Thị Lan,24,02,154,30,1500,1750,5
Kiều Hoàng Nam,46,02,149,34,1800,2300,4
Lâm Thị Diễm,47,02,175,45,2300,2100,7
Đinh Trung Hiếu,33,01,148,38,1900,1600,4
Lê Thị Bích,25,01,168,30,1500,2350,6
Lý Quốc Bảo,46,01,180,48,1500,1650,5
Trần Hoàng Nam,27,01,159,46,1600,2300,4
Đỗ Thị Tuyết,41,01,176,47,1950,2200,8
Lương Văn Hào,28,02,173,35,2200,1600,7
Triệu Văn Đức,46,02,150,39,1750,1500,6
Hoàng Văn Sơn,38,02,165,44,2450,1900,6
Cao Anh Tuấn,47,02,178,44,2050,2450,4
Vũ Thị Sen,25,01,167,45,2100,2200,7
Lương Thị Hường,25,01,184,40,1550,1900,5
Võ Mạnh Hùng,18,01,166,40,1950,1950,5
Lưu Thị Kim,40,01,156,43,2250,2300,5
Dương Văn Kiên,33,02,169,32,1600,1600,7
Lâm Thị Diễm,31,01,140,36,2350,2450,8
Kiều Hoàng Nam,42,01,166,50,2250,2300,6
Bành Mạnh Hùng,24,01,148,31,1850,2100,8
Trần Thị Nga,32,02,174,53,2350,2250,8
Phùng Văn Kiên,25,02,182,48,2250,2100,8
Võ Thị Vân,23,01,153,30,2250,1750,6
Lê Văn Hào,37,01,169,41,2400,2150,8
Lý Văn Đạt,43,01,163,31,2200,2200,4
Võ Mạnh Hùng,25,02,164,46,1500,1750,4
Võ Mạnh Hùng,23,01,173,41,1600,1650,8
Vương Thị Cúc,21,01,176,34,2150,1750,8
Lê Quang Vinh,29,02,181,40,2250,2400,6
Dương Khánh Ly,39,01,166,49,2450,2200,7
Nguyễn Thị Hạnh,42,02,176,52,2200,1950,8
Lý Văn Tấn,47,02,160,47,1950,2350,6
Lý Thị Tuyết,19,01,180,57,2050,1500,6
Mai Anh Tuấn,27,01,175,54,1500,1800,4
Phạm Thị Diễm,31,02,157,42,1800,1750,6
Phùng Thị Mai,27,02,154,43,1550,1500,4
Hoàng Thị Ngọc,40,01,171,37,2100,2450,4
Mai Quốc Bảo,28,01,184,45,1550,1600,8
Mai Thị Ngọc,20,02,168,52,1600,2100,8
Lê Thị Thủy,21,02,146,33,2050,2400,4
Lê Thị Bích,20,02,160,36,1600,2400,6
Dương Văn Đức,23,01,167,44,2400,2250,5
Đỗ Văn Đức,43,01,151,32,1500,2450,5
Trịnh Thành Long,31,01,183,45,1650,1900,5
Dương Văn Kiên,19,02,156,31,1700,1700,5
Vũ Thị Tuyết,46,01,179,59,2450,1500,8
Bùi Văn Sơn,44,01,181,36,1700,1750,4
Trịnh Thành Long,39,01,168,51,2250,1500,5
Triệu Văn Sơn,23,02,142,36,1750,2000,8
Kiều Hoàng Nam,27,01,174,39,1800,2350,8
Kiều Hoàng Nam,33,02,163,36,2150,1950,6